time,Hs,Tp
1514764800.0,1.6630859375,5.849464416503906
1514786400.0,1.53955078125,6.906349182128906
1514808000.0,1.593017578125,6.134132385253906
1514829600.0,1.967529296875,6.178321838378906
1514851200.0,1.188232421875,5.953468322753906
1514872800.0,0.74560546875,4.612648010253906
1514894400.0,1.001220703125,6.004249572753906
1514916000.0,1.176513671875,6.209327697753906
1514937600.0,2.60400390625,7.648292541503906
1514959200.0,2.11572265625,7.072608947753906
1514980800.0,2.02001953125,6.543800354003906
1515002400.0,2.152099609375,7.158546447753906
1515024000.0,1.036376953125,7.400245666503906
1515045600.0,0.401123046875,6.192237854003906
1515067200.0,0.296875,5.204444885253906
1515088800.0,1.123291015625,4.926612854003906
1515110400.0,0.93408203125,4.819679260253906
1515132000.0,0.1279296875,4.996925354003906
1515153600.0,2.5103303699538886e-16,10.026222229003906
1515175200.0,0.137451171875,9.748390197753906
1515196800.0,0.7451171875,3.6097183227539062
1515218400.0,1.35107421875,5.142921447753906
1515240000.0,1.4130859375,5.680519104003906
1515261600.0,1.230712890625,5.320655822753906
1515283200.0,0.85302734375,5.104835510253906
1515304800.0,0.49072265625,4.303565979003906
1515326400.0,0.451171875,3.8348159790039062
1515348000.0,0.52880859375,3.5379409790039062
1515369600.0,1.095947265625,4.915382385253906
1515391200.0,1.355224609375,5.551612854003906
1515412800.0,1.37939453125,5.630714416503906
1515434400.0,1.488525390625,5.644386291503906
1515456000.0,1.595458984375,5.603858947753906
1515477600.0,1.3662109375,5.676124572753906
1515499200.0,1.59619140625,5.610206604003906
1515520800.0,1.90478515625,5.956886291503906
1515542400.0,1.055908203125,6.542823791503906
1515564000.0,0.093994140625,7.121925354003906
1515585600.0,0.05126953125,8.094581604003906
1515607200.0,0.21533203125,8.308448791503906
1515628800.0,0.0703125,8.449562072753906
1515650400.0,0.315673828125,3.0135269165039062
1515672000.0,2.548868251471591e-16,8.416358947753906
1515693600.0,2.549336237174949e-16,8.437355041503906
1515715200.0,0.25146484375,8.343605041503906
1515736800.0,0.89306640625,3.9358901977539062
1515758400.0,1.41845703125,5.065284729003906
1515780000.0,1.75048828125,5.795753479003906
1515801600.0,2.064697265625,6.275733947753906
1515823200.0,2.15234375,6.593605041503906
1515844800.0,1.982421875,6.393898010253906
1515866400.0,1.752685546875,6.332862854003906
1515888000.0,1.628662109375,6.266456604003906
1515909600.0,1.26708984375,5.952003479003906
1515931200.0,1.7275390625,6.029640197753906
1515952800.0,2.4306640625,6.838233947753906
1515974400.0,2.632080078125,7.733741760253906
1515996000.0,0.601318359375,7.865577697753906
1516017600.0,0.951416015625,7.693214416503906
1516039200.0,1.51220703125,5.426612854003906
1516060800.0,1.746337890625,6.173194885253906
1516082400.0,2.099609375,6.310401916503906
1516104000.0,2.284423828125,6.841163635253906
1516125600.0,2.38671875,6.898780822753906
1516147200.0,2.685546875,6.996437072753906
1516168800.0,2.431884765625,7.099952697753906
1516190400.0,2.0087890625,6.484718322753906
1516212000.0,1.40673828125,6.323097229003906
1516233600.0,0.337646484375,6.114112854003906
1516255200.0,0.987060546875,4.879249572753906
1516276800.0,0.990478515625,4.855812072753906
1516298400.0,1.251953125,5.273292541503906
1516320000.0,1.266845703125,5.301124572753906
1516341600.0,1.4130859375,5.567726135253906
1516363200.0,1.7216796875,5.946632385253906
1516384800.0,1.673828125,6.271339416503906
1516406400.0,1.1513671875,5.796730041503906
1516428000.0,0.194580078125,5.581398010253906
1516449600.0,0.06591796875,5.488136291503906
1516471200.0,0.31298828125,2.7791519165039062
1516492800.0,0.0498046875,9.153175354003906
1516514400.0,0.7967529296875,3.6185073852539062
1516536000.0,2.0146484375,5.824562072753906
1516557600.0,0.4423828125,6.144874572753906
1516579200.0,0.634033203125,5.517921447753906
1516600800.0,0.8642578125,4.493995666503906
1516622400.0,0.941650390625,4.626808166503906
1516644000.0,0.754638671875,4.958351135253906
1516665600.0,1.26806640625,5.137062072753906
1516687200.0,1.77978515625,6.299659729003906
1516708800.0,1.685546875,6.927101135253906
1516730400.0,1.478515625,6.901710510253906
1516752000.0,2.0498046875,6.404640197753906
1516773600.0,3.18896484375,8.783058166503906
1516795200.0,2.4072265625,8.431495666503906
1516816800.0,1.803955078125,6.978858947753906
1516838400.0,1.687255859375,6.798194885253906
1516860000.0,1.603759765625,6.577491760253906
1516881600.0,1.301513671875,6.585304260253906
1516903200.0,0.252685546875,7.446144104003906
1516924800.0,0.487060546875,6.255714416503906
1516946400.0,0.290283203125,4.241065979003906
1516968000.0,2.5322918166938244e-16,4.179054260253906
1516989600.0,0.359375,2.7552261352539062
1517011200.0,1.1260986328125,4.386573791503906
1517032800.0,1.797607421875,5.809425354003906
1517054400.0,1.237548828125,6.622413635253906
1517076000.0,1.091552734375,6.134620666503906
1517097600.0,0.893798828125,5.313331604003906
1517119200.0,1.1956787109375,4.834815979003906
1517140800.0,1.520751953125,5.945655822753906
1517162400.0,1.564697265625,6.023780822753906
1517184000.0,2.06689453125,6.252784729003906
1517205600.0,0.70556640625,6.914405822753906
1517227200.0,1.106201171875,4.706398010253906
1517248800.0,0.897216796875,5.300148010253906
1517270400.0,0.74365234375,4.410987854003906
1517292000.0,0.8350830078125,4.343116760253906
1517313600.0,0.9288330078125,4.556007385253906
1517335200.0,1.229736328125,5.121437072753906
1517356800.0,1.809814453125,5.804054260253906
1517378400.0,1.8515625,5.803077697753906
1517400000.0,2.15576171875,6.408546447753906
1517421600.0,1.9755859375,6.740577697753906
1517443200.0,1.730224609375,5.366310119628906
1517464800.0,2.5087890625,6.743019104003906
1517486400.0,2.6181640625,7.007911682128906
1517508000.0,2.77880859375,7.394142150878906
1517529600.0,2.163818359375,7.060401916503906
1517551200.0,1.681396484375,6.359230041503906
1517572800.0,0.61279296875,5.982032775878906
1517594400.0,0.092529296875,5.448097229003906
1517616000.0,0.452880859375,3.2093276977539062
1517637600.0,0.6845703125,3.6243667602539062
1517659200.0,1.1767578125,4.815773010253906
1517680800.0,1.41650390625,5.472023010253906
1517702400.0,0.792236328125,5.590675354003906
1517724000.0,0.33740234375,5.234718322753906
1517745600.0,0.107666015625,5.162940979003906
1517767200.0,0.021728515625,14.028175354003906
1517788800.0,0.097900390625,13.291847229003906
1517810400.0,0.144775390625,2.4666519165039062
1517832000.0,0.35986328125,2.9031753540039062
1517853600.0,0.205322265625,3.2273941040039062
1517875200.0,0.269287109375,2.7186050415039062
1517896800.0,0.75048828125,3.3270034790039062
1517918400.0,1.695556640625,5.776222229003906
1517940000.0,1.4931640625,5.847511291503906
1517961600.0,1.11279296875,5.609230041503906
1517983200.0,0.707275390625,5.024269104003906
1518004800.0,0.178955078125,4.756690979003906
1518026400.0,1.07861328125,3.9861831665039062
1518048000.0,1.396240234375,5.408058166503906
1518069600.0,0.84521484375,5.602394104003906
1518091200.0,0.264892578125,5.658058166503906
1518112800.0,0.5029296875,5.758155822753906
1518134400.0,0.8095703125,4.813819885253906
1518156000.0,1.6943359375,5.147804260253906
1518177600.0,1.361328125,5.991065979003906
1518199200.0,0.645263671875,5.309425354003906
1518220800.0,1.064697265625,4.348976135253906
1518242400.0,2.495849609375,6.324562072753906
1518264000.0,0.3212890625,7.036964416503906
1518285600.0,0.576904296875,6.967628479003906
1518307200.0,1.775634765625,5.377296447753906
1518328800.0,1.649658203125,5.757667541503906
1518350400.0,1.632568359375,5.910987854003906
1518372000.0,1.857421875,6.098976135253906
1518393600.0,1.373779296875,6.006690979003906
1518415200.0,1.25634765625,5.402442932128906
1518436800.0,1.285400390625,5.468116760253906
1518458400.0,1.365234375,5.375831604003906
1518480000.0,3.32861328125,7.664649963378906
1518501600.0,1.458984375,8.458351135253906
1518523200.0,1.126708984375,5.251319885253906
1518544800.0,0.53955078125,9.559425354003906
1518566400.0,0.9658203125,3.7991714477539062
1518588000.0,2.739990234375,6.437355041503906
1518609600.0,3.8544921875,8.373390197753906
1518631200.0,0.883544921875,8.939796447753906
1518652800.0,1.124267578125,8.829444885253906
1518674400.0,1.88427734375,5.734718322753906
1518696000.0,2.208251953125,6.862159729003906
1518717600.0,1.751220703125,6.787452697753906
1518739200.0,1.508056640625,6.296730041503906
1518760800.0,1.220703125,5.825538635253906
1518782400.0,0.990234375,5.206398010253906
1518804000.0,1.744384765625,5.835792541503906
1518825600.0,1.819091796875,6.879249572753906
1518847200.0,0.325927734375,7.021339416503906
1518868800.0,0.392578125,6.900245666503906
1518890400.0,0.12353515625,6.511085510253906
1518912000.0,2.539104079172117e-16,7.716163635253906
1518933600.0,0.178466796875,6.375831604003906
1518955200.0,0.605712890625,3.7088394165039062
1518976800.0,0.61181640625,4.689308166503906
1518998400.0,0.25,4.690284729003906
1519020000.0,0.30810546875,3.8714370727539062
1519041600.0,0.20458984375,3.8768081665039062
1519063200.0,2.552112387659575e-16,3.8924331665039062
1519084800.0,0.892822265625,4.005226135253906
1519106400.0,0.858154296875,4.569679260253906
1519128000.0,0.90185546875,4.722511291503906
1519149600.0,0.81298828125,4.754249572753906
1519171200.0,0.354248046875,4.256202697753906
1519192800.0,0.162353515625,3.9983901977539062
1519214400.0,0.19189453125,14.729835510253906
1519236000.0,0.132080078125,14.201515197753906
1519257600.0,0.321533203125,2.7562026977539062
1519279200.0,0.70654296875,3.8953628540039062
1519300800.0,1.0859375,4.448585510253906
1519322400.0,0.8583984375,4.678077697753906
1519344000.0,1.007568359375,4.438331604003906
1519365600.0,1.162109375,5.094581604003906
1519387200.0,1.407958984375,5.238136291503906
1519408800.0,1.5537109375,5.494972229003906
1519430400.0,1.760986328125,5.773780822753906
1519452000.0,1.542724609375,5.833839416503906
1519473600.0,1.296630859375,5.617530822753906
1519495200.0,0.8515625,5.135597229003906
1519516800.0,1.4698486328125,5.478370666503906
1519538400.0,1.402587890625,5.635597229003906
1519560000.0,1.428466796875,5.721046447753906
1519581600.0,1.08154296875,5.406593322753906
1519603200.0,1.460205078125,5.548194885253906
1519624800.0,1.332275390625,5.725929260253906
1519646400.0,1.168701171875,5.454444885253906
1519668000.0,0.738525390625,5.088722229003906
1519689600.0,0.56689453125,4.560890197753906
1519711200.0,0.8828125,3.6375503540039062
1519732800.0,1.174072265625,5.197120666503906
1519754400.0,0.986572265625,4.805519104003906
1519776000.0,1.532470703125,5.342628479003906
1519797600.0,1.87255859375,6.074073791503906
1519819200.0,2.2001953125,6.480323791503906
1519840800.0,2.0634765625,6.287940979003906
1519862400.0,1.95263671875,6.268409729003906
1519884000.0,1.861328125,6.266944885253906
1519905600.0,2.6494140625,6.750831604003906
1519927200.0,3.16650390625,7.577980041503906
1519948800.0,3.029296875,7.414894104003906
1519970400.0,3.34033203125,7.613136291503906
1519992000.0,2.932861328125,7.486671447753906
1520013600.0,2.7099609375,7.362648010253906
1520035200.0,2.19921875,6.898292541503906
1520056800.0,2.000732421875,6.504737854003906
1520078400.0,1.679931640625,6.283058166503906
1520100000.0,1.388427734375,5.724464416503906
1520121600.0,1.32373046875,5.498390197753906
1520143200.0,1.34765625,5.311866760253906
1520164800.0,1.3818359375,5.494972229003906
1520186400.0,1.104248046875,5.264015197753906
1520208000.0,0.498046875,11.522804260253906
1520229600.0,0.5595703125,11.118995666503906
1520251200.0,0.67822265625,4.029151916503906
1520272800.0,0.479736328125,4.239601135253906
1520294400.0,0.137451171875,9.680030822753906
1520316000.0,0.29150390625,8.955909729003906
1520337600.0,0.12109375,8.961769104003906
1520359200.0,0.21142578125,9.063331604003906
1520380800.0,0.4248046875,3.4852066040039062
1520402400.0,0.603271484375,4.087257385253906
1520424000.0,0.89599609375,4.680030822753906
1520445600.0,0.798583984375,4.855812072753906
1520467200.0,0.321044921875,4.885597229003906
1520488800.0,0.015625,4.996437072753906
1520510400.0,0.2994384765625,5.121925354003906
1520532000.0,0.3896484375,4.102394104003906
1520553600.0,0.367431640625,4.147315979003906
1520575200.0,0.372314453125,3.5701675415039062
1520596800.0,2.539104079172117e-16,6.254737854003906
1520618400.0,0.287109375,2.7127456665039062
1520640000.0,0.812744140625,3.9974136352539062
1520661600.0,1.15673828125,4.875831604003906
1520683200.0,1.05126953125,4.851905822753906
1520704800.0,0.844970703125,5.145362854003906
1520726400.0,0.5048828125,6.209815979003906
1520748000.0,0.072265625,6.219581604003906
1520769600.0,0.187744140625,11.215187072753906
1520791200.0,0.157470703125,11.120948791503906
1520812800.0,0.376708984375,11.246437072753906
1520834400.0,0.435546875,11.560401916503906
1520856000.0,0.082275390625,11.140480041503906
1520877600.0,0.091552734375,10.716163635253906
1520899200.0,0.1162109375,10.212257385253906
1520920800.0,0.3638916015625,3.1297378540039062
1520942400.0,0.07861328125,3.3602066040039062
1520964000.0,0.527587890625,3.3001480102539062
1520985600.0,1.20849609375,4.720069885253906
1521007200.0,1.7451171875,5.663429260253906
1521028800.0,2.12451171875,6.343605041503906
1521050400.0,2.618896484375,7.042335510253906
1521072000.0,2.43505859375,6.888038635253906
1521093600.0,2.14453125,6.659523010253906
1521115200.0,1.37060546875,6.220069885253906
1521136800.0,1.08447265625,4.981788635253906
1521158400.0,1.258544921875,5.436866760253906
1521180000.0,1.1632080078125,5.129737854003906
1521201600.0,1.083251953125,4.864601135253906
1521223200.0,1.0245361328125,4.865577697753906
1521244800.0,1.4168701171875,5.197120666503906
1521266400.0,2.04296875,6.053077697753906
1521288000.0,2.284423828125,6.451026916503906
1521309600.0,1.9693603515625,6.302101135253906
1521331200.0,2.083740234375,6.418312072753906
1521352800.0,2.0693359375,6.286476135253906
1521374400.0,2.1572265625,6.589210510253906
1521396000.0,1.955810546875,6.337745666503906
1521417600.0,1.393798828125,6.013526916503906
1521439200.0,1.17919921875,5.357276916503906
1521460800.0,1.09033203125,4.917335510253906
1521482400.0,0.6328125,4.628761291503906
1521504000.0,0.0908203125,4.266944885253906
1521525600.0,0.158935546875,2.7659683227539062
1521547200.0,0.183837890625,2.6854019165039062
1521568800.0,0.1083984375,2.7630386352539062
1521590400.0,2.5387207967634846e-16,2.8919448852539062
1521612000.0,0.3544921875,2.7356948852539062
1521633600.0,0.77392578125,3.9759292602539062
1521655200.0,0.7099609375,4.376808166503906
1521676800.0,0.6396484375,4.646339416503906
1521698400.0,0.283203125,4.591651916503906
1521720000.0,1.101318359375,4.708351135253906
1521741600.0,2.120361328125,6.315284729003906
1521763200.0,1.94091796875,7.256202697753906
1521784800.0,1.59716796875,7.213233947753906
1521806400.0,0.8857421875,7.286476135253906
1521828000.0,2.5449613120023806e-16,7.401710510253906
1521849600.0,0.064208984375,6.238624572753906
1521871200.0,0.217529296875,6.207374572753906
1521892800.0,0.02294921875,9.708839416503906
1521914400.0,2.5510726547168204e-16,9.792335510253906
1521936000.0,2.540478390129037e-16,9.198585510253906
1521957600.0,0.20068359375,9.119483947753906
1521979200.0,0.1533203125,8.573097229003906
1522000800.0,0.037353515625,8.211769104003906
1522022400.0,2.5261614157380714e-16,6.343116760253906
1522044000.0,2.552112387659575e-16,6.275245666503906
1522065600.0,0.209716796875,2.5464859008789062
1522087200.0,0.57763671875,3.2952651977539062
1522108800.0,1.542724609375,5.235450744628906
1522130400.0,0.39501953125,6.022315979003906
1522152000.0,0.588623046875,5.696876525878906
1522173600.0,0.624267578125,4.325050354003906
1522195200.0,0.5185546875,4.259376525878906
1522216800.0,0.530029296875,4.049171447753906
1522238400.0,0.2978515625,4.056251525878906
1522260000.0,0.08837890625,4.022315979003906
1522281600.0,0.110595703125,6.212989807128906
1522303200.0,0.388671875,3.0469741821289062
1522324800.0,0.695068359375,3.9578628540039062
1522346400.0,0.5810546875,4.231056213378906
1522368000.0,1.13623046875,4.694679260253906
1522389600.0,1.22216796875,5.232765197753906
1522411200.0,0.342041015625,4.809425354003906
1522432800.0,0.11865234375,4.484962463378906
1522454400.0,0.70068359375,3.8282241821289062
1522476000.0,0.990478515625,4.705421447753906
1522497600.0,1.020263671875,5.075538635253906
1522519200.0,0.65576171875,4.827980041503906
1522540800.0,0.45654296875,4.209327697753906
1522562400.0,0.38427734375,3.5442886352539062
1522584000.0,0.25732421875,3.3528823852539062
1522605600.0,0.232177734375,3.1380386352539062
1522627200.0,1.117431640625,4.733253479003906
1522648800.0,1.741943359375,5.696632385253906
1522670400.0,2.15673828125,6.337989807128906
1522692000.0,1.838134765625,6.248634338378906
1522713600.0,0.9189453125,5.689552307128906
1522735200.0,0.5234375,5.303077697753906
1522756800.0,0.324951171875,9.125831604003906
1522778400.0,0.96728515625,5.319190979003906
1522800000.0,0.258544921875,6.009132385253906
1522821600.0,0.052001953125,5.971534729003906
1522843200.0,0.470458984375,3.2000503540039062
1522864800.0,1.823974609375,5.789405822753906
1522886400.0,0.79736328125,5.739112854003906
1522908000.0,0.321044921875,5.036964416503906
1522929600.0,0.16015625,9.862159729003906
1522951200.0,0.5341796875,3.3724136352539062
1522972800.0,1.091064453125,4.379737854003906
1522994400.0,1.458740234375,5.436866760253906
1523016000.0,1.5693359375,5.798194885253906
1523037600.0,2.181884765625,7.088233947753906
1523059200.0,1.47998046875,7.318702697753906
1523080800.0,0.30859375,6.678810119628906
1523102400.0,2.539476773668909e-16,10.038917541503906
1523124000.0,0.017578125,9.882911682128906
1523145600.0,0.16650390625,9.774269104003906
1523167200.0,0.044677734375,9.454689025878906
1523188800.0,0.09521484375,9.098976135253906
1523210400.0,0.02294921875,8.850929260253906
1523232000.0,2.5404318033169383e-16,8.423194885253906
1523253600.0,0.181396484375,8.203468322753906
1523275200.0,0.4599609375,2.9925308227539062
1523296800.0,0.318359375,3.3943862915039062
1523318400.0,0.581787109375,3.9080581665039062
1523340000.0,1.2021484375,4.804542541503906
1523361600.0,1.046630859375,5.082862854003906
1523383200.0,0.84521484375,4.827003479003906
1523404800.0,0.36376953125,4.527198791503906
1523426400.0,0.50439453125,3.5174331665039062
1523448000.0,0.50439453125,3.8870620727539062
1523469600.0,0.271728515625,3.8455581665039062
1523491200.0,0.658935546875,3.5813980102539062
1523512800.0,0.736572265625,3.9432144165039062
1523534400.0,0.553466796875,4.146827697753906
1523556000.0,0.432373046875,3.2630386352539062
1523577600.0,0.5380859375,3.8074722290039062
1523599200.0,0.136474609375,3.7405776977539062
1523620800.0,0.03662109375,3.0003433227539062
1523642400.0,0.023193359375,2.9524917602539062
1523664000.0,0.23876953125,2.6570816040039062
1523685600.0,0.43359375,3.5379409790039062
1523707200.0,0.621826171875,4.147315979003906
1523728800.0,0.297119140625,4.678077697753906
1523750400.0,0.468505859375,3.1438980102539062
1523772000.0,0.722412109375,4.142433166503906
1523793600.0,1.15673828125,4.770851135253906
1523815200.0,0.792724609375,5.234718322753906
1523836800.0,0.86376953125,5.058937072753906
1523858400.0,0.688232421875,5.774269104003906
1523880000.0,1.3408203125,5.395851135253906
1523901600.0,2.458740234375,6.814308166503906
1523923200.0,3.159912109375,7.645362854003906
1523944800.0,3.653564453125,8.683937072753906
1523966400.0,2.614013671875,8.369972229003906
1523988000.0,2.73291015625,7.758155822753906
1524009600.0,2.005615234375,7.480323791503906
1524031200.0,1.401123046875,6.262550354003906
1524052800.0,1.41943359375,6.417335510253906
1524074400.0,0.977294921875,6.380226135253906
1524096000.0,0.737548828125,6.163917541503906
1524117600.0,0.5216064453125,6.137550354003906
1524139200.0,0.51708984375,4.451026916503906
1524160800.0,0.4105224609375,4.446144104003906
1524182400.0,0.0902099609375,4.793312072753906
1524204000.0,2.550162094298522e-16,4.766944885253906
1524225600.0,0.0863037109375,9.590675354003906
1524247200.0,0.150634765625,9.146339416503906
1524268800.0,0.0311279296875,3.2283706665039062
1524290400.0,0.146484375,8.876319885253906
1524312000.0,0.270263671875,3.0091323852539062
1524333600.0,0.12255859375,3.0345230102539062
1524355200.0,0.234619140625,2.7020034790039062
1524376800.0,0.2841796875,3.5179214477539062
1524398400.0,0.3465576171875,3.9090347290039062
1524420000.0,0.628173828125,3.9686050415039062
1524441600.0,0.892333984375,4.577003479003906
1524463200.0,0.768798828125,4.926612854003906
1524484800.0,0.7021484375,4.369972229003906
1524506400.0,0.9853515625,5.814308166503906
1524528000.0,0.51416015625,6.241554260253906
1524549600.0,0.570556640625,6.026222229003906
1524571200.0,0.323974609375,4.678077697753906
1524592800.0,0.2254638671875,4.847023010253906
1524614400.0,0.3380126953125,3.3748550415039062
1524636000.0,0.7440185546875,4.527198791503906
1524657600.0,0.646728515625,5.001808166503906
1524679200.0,0.68603515625,4.678810119628906
1524700800.0,0.909423828125,4.975440979003906
1524722400.0,1.12646484375,5.191261291503906
1524744000.0,0.709716796875,5.761329650878906
1524765600.0,0.25537109375,5.631446838378906
1524787200.0,2.5378123539275543e-16,5.472755432128906
1524808800.0,0.10205078125,5.937110900878906
1524830400.0,0.093994140625,5.727882385253906
1524852000.0,0.3466796875,2.7056655883789062
1524873600.0,0.4765625,3.6858901977539062
1524895200.0,0.32080078125,3.6497573852539062
1524916800.0,0.029296875,8.333839416503906
1524938400.0,0.03076171875,8.162940979003906
1524960000.0,0.19921875,2.5682144165039062
1524981600.0,0.31591796875,2.7625503540039062
1525003200.0,0.08740234375,3.1238784790039062
1525024800.0,0.281494140625,2.7396011352539062
1525046400.0,0.234375,3.2547378540039062
1525068000.0,0.30078125,3.2391128540039062
1525089600.0,0.09130859375,3.2977066040039062
1525111200.0,0.14990234375,3.0198745727539062
1525132800.0,0.169677734375,2.8348159790039062
1525154400.0,0.44677734375,3.5271987915039062
1525176000.0,1.434326171875,4.786964416503906
1525197600.0,2.475830078125,6.848487854003906
1525219200.0,1.30078125,7.434425354003906
1525240800.0,1.123779296875,7.444679260253906
1525262400.0,0.338623046875,5.050148010253906
1525284000.0,0.4730224609375,8.032569885253906
1525305600.0,0.5780029296875,3.9051284790039062
1525327200.0,0.4942626953125,4.064308166503906
1525348800.0,0.7178955078125,3.8465347290039062
1525370400.0,1.2943115234375,5.270362854003906
1525392000.0,0.2647705078125,5.711280822753906
1525413600.0,0.1610107421875,5.609718322753906
1525435200.0,0.34130859375,5.658058166503906
1525456800.0,0.5499267578125,3.8216323852539062
1525478400.0,0.5244140625,4.154640197753906
1525500000.0,0.6572265625,4.351905822753906
1525521600.0,0.680419921875,4.460304260253906
1525543200.0,0.57666015625,4.548683166503906
1525564800.0,0.050537109375,5.743995666503906
1525586400.0,0.07763671875,5.493995666503906
1525608000.0,0.18310546875,5.029640197753906
1525629600.0,0.2578125,3.1795425415039062
1525651200.0,0.007080078125,3.8074722290039062
1525672800.0,0.15966796875,3.9783706665039062
1525694400.0,0.342041015625,3.7347183227539062
1525716000.0,0.181640625,3.7840347290039062
1525737600.0,0.44091796875,3.7840347290039062
1525759200.0,0.69189453125,4.706398010253906
1525780800.0,0.63037109375,4.852394104003906
1525802400.0,0.0361328125,4.975440979003906
1525824000.0,2.5430216065531683e-16,4.784034729003906
1525845600.0,0.421142578125,2.9710464477539062
1525867200.0,1.2548828125,4.758644104003906
1525888800.0,0.887451171875,5.914894104003906
1525910400.0,0.55810546875,6.216651916503906
1525932000.0,0.635009765625,4.908546447753906
1525953600.0,0.28759765625,4.961769104003906
1525975200.0,0.793701171875,3.9046401977539062
1525996800.0,1.196533203125,4.836769104003906
1526018400.0,1.444580078125,5.248878479003906
1526040000.0,1.919677734375,6.012550354003906
1526061600.0,0.781982421875,6.818702697753906
1526083200.0,2.539131607742903e-16,7.501319885253906
1526104800.0,0.025146484375,7.726417541503906
1526126400.0,0.168212890625,8.198585510253906
1526148000.0,0.0263671875,8.132179260253906
1526169600.0,2.5355380704641765e-16,7.827980041503906
1526191200.0,2.5430216065531683e-16,6.387062072753906
1526212800.0,0.046875,7.613624572753906
1526234400.0,0.529296875,3.3538589477539062
1526256000.0,0.24951171875,4.187355041503906
1526277600.0,0.14306640625,4.286964416503906
1526299200.0,0.1298828125,4.182472229003906
1526320800.0,0.017822265625,4.005226135253906
1526342400.0,2.5371093165813333e-16,3.8382339477539062
1526364000.0,0.018310546875,6.028175354003906
1526385600.0,0.028076171875,6.030616760253906
1526407200.0,0.89111328125,3.6302261352539062
1526428800.0,1.157470703125,5.061378479003906
1526450400.0,1.131591796875,5.163429260253906
1526472000.0,0.422607421875,5.051612854003906
1526493600.0,0.643310546875,4.026710510253906
1526515200.0,2.5430216065531683e-16,4.237159729003906
1526536800.0,0.103515625,4.180030822753906
1526558400.0,0.024169921875,4.034523010253906
1526580000.0,2.544605558164534e-16,10.950050354003906
1526601600.0,2.5430216065531683e-16,10.773780822753906
1526623200.0,2.548785665759234e-16,10.411964416503906
1526644800.0,0.02099609375,2.0340347290039062
1526666400.0,0.06982421875,2.3680191040039062
1526688000.0,0.147216796875,2.4314956665039062
1526709600.0,0.236083984375,2.7020034790039062
1526731200.0,0.585205078125,3.3177261352539062
1526752800.0,0.98779296875,4.454933166503906
1526774400.0,1.236328125,5.156105041503906
1526796000.0,1.1083984375,5.262062072753906
1526817600.0,1.070556640625,5.129737854003906
1526839200.0,0.9326171875,5.169288635253906
1526860800.0,0.3701171875,5.052101135253906
1526882400.0,0.380859375,3.9729995727539062
1526904000.0,2.5371580209758004e-16,4.020851135253906
1526925600.0,1.03466796875,4.011085510253906
1526947200.0,1.019287109375,5.157569885253906
1526968800.0,0.40966796875,5.031105041503906
1526990400.0,0.072265625,4.152687072753906
1527012000.0,0.083984375,4.208351135253906
1527033600.0,0.354736328125,2.9637222290039062
1527055200.0,0.245849609375,3.2552261352539062
1527076800.0,0.031005859375,3.1487808227539062
1527098400.0,2.5512293558120624e-16,3.0936050415039062
1527120000.0,0.213623046875,2.6238784790039062
1527141600.0,0.2734375,3.1663589477539062
1527163200.0,2.5512293558120624e-16,3.4769058227539062
1527184800.0,0.052978515625,3.5535659790039062
1527206400.0,0.092529296875,2.6888198852539062
1527228000.0,0.18896484375,2.8958511352539062
1527249600.0,0.425537109375,3.2366714477539062
1527271200.0,0.35693359375,3.5555191040039062
1527292800.0,0.546142578125,3.8279800415039062
1527314400.0,0.6949462890625,4.298194885253906
1527336000.0,0.383056640625,4.237648010253906
1527357600.0,0.56005859375,3.5755386352539062
1527379200.0,1.057373046875,4.723976135253906
1527400800.0,1.0657958984375,5.083351135253906
1527422400.0,0.8328857421875,4.633155822753906
1527444000.0,0.294189453125,4.540382385253906
1527465600.0,0.44970703125,3.5730972290039062
1527487200.0,0.2744140625,3.2493667602539062
1527508800.0,2.539614416522838e-16,3.1634292602539062
1527530400.0,2.5430216065531683e-16,3.1072769165039062
1527552000.0,0.100341796875,2.4070816040039062
1527573600.0,0.171875,2.4412612915039062
1527595200.0,0.134033203125,2.6932144165039062
1527616800.0,0.20654296875,2.7317886352539062
1527638400.0,0.339599609375,3.5081558227539062
1527660000.0,0.2501220703125,3.3250503540039062
1527681600.0,0.058349609375,3.3504409790039062
1527703200.0,0.093994140625,2.5994644165039062
1527724800.0,0.03564453125,2.7386245727539062
1527746400.0,2.5482986218145626e-16,2.8270034790039062
1527768000.0,0.10595703125,2.2493667602539062
1527789600.0,2.5381744605125055e-16,2.1253433227539062
1527811200.0,2.5407790868253125e-16,12.971046447753906
1527832800.0,2.545638938360184e-16,12.634620666503906
1527854400.0,2.5396122989404697e-16,12.481300354003906
1527876000.0,2.5457067009959644e-16,2.0345230102539062
1527897600.0,0.071533203125,2.4144058227539062
1527919200.0,0.029541015625,2.9026870727539062
1527940800.0,2.5296596618102317e-16,3.2347183227539062
1527962400.0,0.063232421875,3.3421401977539062
1527984000.0,2.5396122989404697e-16,3.6619644165039062
1528005600.0,2.5495458778293945e-16,3.7464370727539062
1528027200.0,2.5189065785448383e-16,3.7488784790039062
1528048800.0,2.5319678265914997e-16,5.118507385253906
1528070400.0,2.536213579239612e-16,5.392921447753906
1528092000.0,0.036376953125,5.652198791503906
1528113600.0,0.033935546875,5.786964416503906
1528135200.0,0.08984375,2.3880386352539062
1528156800.0,0.2392578125,2.6932144165039062
1528178400.0,0.4267578125,3.4705581665039062
1528200000.0,2.5322918166938244e-16,3.4954605102539062
1528221600.0,0.043212890625,3.4148941040039062
1528243200.0,0.196533203125,2.5931167602539062
1528264800.0,0.3681640625,3.5179214477539062
1528286400.0,0.017578125,3.5911636352539062
1528308000.0,2.540848967043461e-16,3.4822769165039062
1528329600.0,2.5358959418843915e-16,5.801612854003906
1528351200.0,0.0654296875,2.0169448852539062
1528372800.0,0.02783203125,2.2269058227539062
1528394400.0,0.128173828125,2.2039566040039062
1528416000.0,0.17578125,2.6907730102539062
1528437600.0,0.13916015625,2.6502456665039062
1528459200.0,0.0400390625,2.7688980102539062
1528480800.0,2.5517905151396184e-16,2.9134292602539062
1528502400.0,2.5430216065531683e-16,3.0345230102539062
1528524000.0,2.5505474942895227e-16,6.296730041503906
1528545600.0,2.5355380704641765e-16,6.240089416503906
1528567200.0,2.548868251471591e-16,6.172218322753906
1528588800.0,0.025634765625,6.106788635253906
1528610400.0,0.159912109375,2.4178237915039062
1528632000.0,0.26513671875,2.6712417602539062
1528653600.0,0.505615234375,3.2845230102539062
1528675200.0,0.377197265625,3.8143081665039062
1528696800.0,0.300048828125,3.4144058227539062
1528718400.0,0.488037109375,3.5281753540039062
1528740000.0,0.76025390625,3.9319839477539062
1528761600.0,0.58740234375,4.308448791503906
1528783200.0,0.529052734375,3.9896011352539062
1528804800.0,0.5933837890625,3.8543472290039062
1528826400.0,0.517578125,4.194190979003906
1528848000.0,0.155029296875,4.083351135253906
1528869600.0,0.1552734375,2.6263198852539062
1528891200.0,0.68701171875,3.5730972290039062
1528912800.0,1.641845703125,5.307472229003906
1528934400.0,2.998291015625,7.395362854003906
1528956000.0,3.029296875,8.157569885253906
1528977600.0,1.3935546875,7.707374572753906
1528999200.0,0.28515625,7.447120666503906
1529020800.0,0.826416015625,4.216651916503906
1529042400.0,0.6572265625,4.739601135253906
1529064000.0,0.4560546875,4.304542541503906
1529085600.0,0.55126953125,3.9793472290039062
1529107200.0,0.562744140625,4.288429260253906
1529128800.0,0.96337890625,4.707374572753906
1529150400.0,0.487548828125,5.421730041503906
1529172000.0,0.12109375,5.252296447753906
1529193600.0,0.0537109375,5.202980041503906
1529215200.0,0.276611328125,4.509620666503906
1529236800.0,0.7138671875,3.7693862915039062
1529258400.0,0.32470703125,5.045021057128906
1529280000.0,0.458740234375,4.840187072753906
1529301600.0,0.456787109375,4.438575744628906
1529323200.0,0.584228515625,4.115089416503906
1529344800.0,0.261962890625,4.908546447753906
1529366400.0,0.336669921875,5.329444885253906
1529388000.0,0.269287109375,6.084327697753906
1529409600.0,0.126953125,6.114112854003906
1529431200.0,0.3583984375,3.4178237915039062
1529452800.0,1.4599609375,5.690773010253906
1529474400.0,0.8984375,6.317237854003906
1529496000.0,1.048095703125,4.761085510253906
1529517600.0,0.296142578125,6.115089416503906
1529539200.0,1.182373046875,4.414405822753906
1529560800.0,1.298828125,5.416358947753906
1529582400.0,1.364501953125,5.347511291503906
1529604000.0,1.288818359375,5.485206604003906
1529625600.0,1.22216796875,5.216651916503906
1529647200.0,0.970703125,5.133644104003906
1529668800.0,0.698974609375,4.649757385253906
1529690400.0,0.538330078125,3.9988784790039062
1529712000.0,0.4248046875,3.8943862915039062
1529733600.0,0.17138671875,3.7981948852539062
1529755200.0,0.0234375,3.5340347290039062
1529776800.0,2.539104079172117e-16,3.3055191040039062
1529798400.0,2.5275060805418376e-16,3.1624526977539062
1529820000.0,2.552203443701405e-16,6.182960510253906
1529841600.0,0.0048828125,2.0340347290039062
1529863200.0,0.003662109375,2.3309097290039062
1529884800.0,2.5253355586144985e-16,2.0516128540039062
1529906400.0,2.5345533946629934e-16,2.3865737915039062
1529928000.0,0.008056640625,2.3626480102539062
1529949600.0,0.024169921875,2.2215347290039062
1529971200.0,2.539104079172117e-16,2.1292495727539062
1529992800.0,2.5485654371929477e-16,2.1585464477539062
1530014400.0,0.006103515625,2.0633316040039062
1530036000.0,0.02392578125,2.0521011352539062
1530057600.0,0.019775390625,10.249366760253906
1530079200.0,2.551693106350684e-16,1.9603042602539062
1530100800.0,2.539459833009964e-16,2.4012222290039062
1530122400.0,2.5519133349169703e-16,3.0945816040039062
1530144000.0,2.540332276945636e-16,3.1302261352539062
1530165600.0,2.5430216065531683e-16,10.223976135253906
1530187200.0,2.5355380704641765e-16,10.007179260253906
1530208800.0,0.1676025390625,2.4271011352539062
1530230400.0,0.2545166015625,2.9666519165039062
1530252000.0,2.5505474942895227e-16,3.1644058227539062
1530273600.0,2.540207339585916e-16,3.1341323852539062
1530295200.0,2.5508418382386936e-16,3.0940933227539062
1530316800.0,0.196533203125,2.5516128540039062
1530338400.0,0.3226318359375,3.5013198852539062
1530360000.0,0.126953125,3.9568862915039062
1530381600.0,2.5430279593002727e-16,4.052589416503906
1530403200.0,0.474609375,3.4544448852539062
1530424800.0,0.248291015625,4.175636291503906
1530446400.0,0.1728515625,4.190773010253906
1530468000.0,0.92626953125,3.9617691040039062
1530489600.0,1.132568359375,5.081153869628906
1530511200.0,0.705322265625,4.967384338378906
1530532800.0,0.070068359375,4.771095275878906
1530554400.0,0.152099609375,2.8255386352539062
1530576000.0,0.324462890625,2.8826675415039062
1530597600.0,0.1669921875,3.2801284790039062
1530619200.0,0.00537109375,3.2769546508789062
1530640800.0,2.5485124976337443e-16,3.8406753540039062
1530662400.0,0.064208984375,2.3108901977539062
1530684000.0,0.355712890625,3.2806167602539062
1530705600.0,0.18310546875,3.7659683227539062
1530727200.0,0.05126953125,3.8455581665039062
1530748800.0,2.5407663813311037e-16,3.7698745727539062
1530770400.0,0.617919921875,3.5438003540039062
1530792000.0,0.568115234375,3.8919448852539062
1530813600.0,0.555419921875,3.8792495727539062
1530835200.0,0.103515625,3.8553237915039062
1530856800.0,2.5430216065531683e-16,3.7840347290039062
1530878400.0,2.5445568537700667e-16,3.6819839477539062
1530900000.0,2.548868251471591e-16,9.576026916503906
1530921600.0,2.548868251471591e-16,9.271827697753906
1530943200.0,2.553092828296022e-16,4.242530822753906
1530964800.0,2.5430216065531683e-16,4.118019104003906
1530986400.0,2.5430216065531683e-16,4.116554260253906
1531008000.0,2.539104079172117e-16,4.041358947753906
1531029600.0,2.539104079172117e-16,6.225440979003906
1531051200.0,0.02587890625,6.180519104003906
1531072800.0,0.1728515625,2.4471206665039062
1531094400.0,0.141845703125,2.6580581665039062
1531116000.0,0.44091796875,2.9754409790039062
1531137600.0,0.708984375,3.8880386352539062
1531159200.0,0.937255859375,4.361671447753906
1531180800.0,0.913818359375,4.767921447753906
1531202400.0,0.0576171875,4.681983947753906
1531224000.0,2.537496834154702e-16,4.521339416503906
1531245600.0,2.5319678265914997e-16,4.254249572753906
1531267200.0,0.217041015625,2.5550308227539062
1531288800.0,0.066650390625,2.9144058227539062
1531310400.0,2.540383098922471e-16,2.4671401977539062
1531332000.0,0.26806640625,2.5901870727539062
1531353600.0,0.41455078125,3.2693862915039062
1531375200.0,0.24462890625,3.4920425415039062
1531396800.0,0.1787109375,3.2962417602539062
1531418400.0,0.42724609375,3.1976089477539062
1531440000.0,0.413330078125,3.4505386352539062
1531461600.0,0.2919921875,3.4725112915039062
1531483200.0,0.0390625,3.2918472290039062
1531504800.0,2.5224958806588284e-16,3.1229019165039062
1531526400.0,0.06005859375,2.4129409790039062
1531548000.0,0.195556640625,2.6932144165039062
1531569600.0,0.418701171875,3.2435073852539062
1531591200.0,0.726806640625,4.093116760253906
1531612800.0,0.183349609375,4.820655822753906
1531634400.0,0.238525390625,4.825538635253906
1531656000.0,0.34912109375,4.402198791503906
1531677600.0,0.5087890625,4.247901916503906
1531699200.0,0.492919921875,4.473976135253906
1531720800.0,0.0830078125,4.663917541503906
1531742400.0,2.5348816199300545e-16,4.958839416503906
1531764000.0,0.13671875,4.827491760253906
1531785600.0,0.10595703125,2.9490737915039062
1531807200.0,0.1064453125,2.4915542602539062
1531828800.0,0.07275390625,2.4407730102539062
1531850400.0,0.345947265625,3.2020034790039062
1531872000.0,0.18798828125,3.9246597290039062
1531893600.0,2.5430216065531683e-16,3.9402847290039062
1531915200.0,2.5466109086671584e-16,3.8860855102539062
1531936800.0,2.5485124976337443e-16,3.8719253540039062
1531958400.0,2.550162094298522e-16,5.205909729003906
1531980000.0,0.014892578125,5.131202697753906
1532001600.0,2.5241158311704523e-16,2.3450698852539062
1532023200.0,0.0419921875,2.2151870727539062
1532044800.0,0.23876953125,2.6863784790039062
1532066400.0,0.267333984375,2.8694839477539062
1532088000.0,0.50537109375,3.5906753540039062
1532109600.0,0.025146484375,4.012550354003906
1532131200.0,0.416015625,3.0286636352539062
1532152800.0,0.364990234375,3.5535659790039062
1532174400.0,0.087646484375,3.5584487915039062
1532196000.0,2.539104079172117e-16,3.5076675415039062
1532217600.0,0.112060546875,2.5584487915039062
1532239200.0,2.5355380704641765e-16,2.7122573852539062
1532260800.0,0.015380859375,2.6785659790039062
1532282400.0,0.179443359375,2.6116714477539062
1532304000.0,0.14794921875,3.3831558227539062
1532325600.0,0.101318359375,3.5550308227539062
1532347200.0,0.31494140625,2.9085464477539062
1532368800.0,0.498291015625,3.9402847290039062
1532390400.0,0.146484375,4.841163635253906
1532412000.0,0.020263671875,4.873878479003906
1532433600.0,2.5396694736644094e-16,4.747901916503906
1532455200.0,0.04833984375,4.590187072753906
1532476800.0,0.094970703125,3.2967300415039062
1532498400.0,0.12109375,3.4095230102539062
1532520000.0,0.187744140625,3.2181167602539062
1532541600.0,0.25048828125,2.7127456665039062
1532563200.0,0.3662109375,3.1946792602539062
1532584800.0,0.339111328125,3.7503433227539062
1532606400.0,0.357666015625,3.8387222290039062
1532628000.0,0.409912109375,4.156593322753906
1532649600.0,0.4915771484375,4.178565979003906
1532671200.0,0.85546875,4.409523010253906
1532692800.0,0.67919921875,4.886573791503906
1532714400.0,0.261962890625,5.353858947753906
1532736000.0,0.596435546875,3.3753433227539062
1532757600.0,0.312255859375,4.396827697753906
1532779200.0,1.636962890625,5.581398010253906
1532800800.0,1.914306640625,6.764991760253906
1532822400.0,0.98046875,6.176124572753906
1532844000.0,0.34716796875,6.391944885253906
1532865600.0,0.00537109375,5.872901916503906
1532887200.0,0.058837890625,6.153175354003906
1532908800.0,0.370361328125,8.576026916503906
1532930400.0,0.81982421875,4.556007385253906
1532952000.0,0.396240234375,5.234230041503906
1532973600.0,0.500732421875,5.184913635253906
1532995200.0,0.40234375,5.106788635253906
1533016800.0,0.529296875,5.230323791503906
1533038400.0,1.4791259765625,5.252296447753906
1533060000.0,1.329833984375,5.965187072753906
1533081600.0,0.965087890625,6.297218322753906
1533103200.0,0.577880859375,6.208839416503906
1533124800.0,0.950927734375,4.678565979003906
1533146400.0,1.74755859375,5.683448791503906
1533168000.0,1.163818359375,6.350929260253906
1533189600.0,0.322998046875,6.385597229003906
1533211200.0,0.159423828125,6.214210510253906
1533232800.0,0.4619140625,4.237159729003906
1533254400.0,0.260009765625,5.072608947753906
1533276000.0,0.052734375,5.087745666503906
1533297600.0,2.514063667668912e-16,4.849952697753906
1533319200.0,0.17626953125,4.630226135253906
1533340800.0,0.206298828125,2.8021011352539062
1533362400.0,2.5533850546628246e-16,2.9900894165039062
1533384000.0,0.052001953125,2.9661636352539062
1533405600.0,0.031982421875,2.4163589477539062
1533427200.0,0.005859375,2.2996597290039062
1533448800.0,0.027587890625,2.3128433227539062
1533470400.0,0.09521484375,2.2288589477539062
1533492000.0,0.2080078125,2.4456558227539062
1533513600.0,0.125,3.3182144165039062
1533535200.0,0.27392578125,3.5452651977539062
1533556800.0,0.39013671875,3.3968276977539062
1533578400.0,0.2490234375,3.6170425415039062
1533600000.0,2.50080971962675e-16,3.9437026977539062
1533621600.0,0.112060546875,3.8953628540039062
1533643200.0,0.100341796875,3.0452651977539062
1533664800.0,0.350341796875,2.9261245727539062
1533686400.0,0.28271484375,3.6077651977539062
1533708000.0,0.431396484375,3.4310073852539062
1533729600.0,0.308349609375,3.7142105102539062
1533751200.0,0.24951171875,3.5379409790039062
1533772800.0,0.23779296875,3.5477066040039062
1533794400.0,0.44580078125,3.2645034790039062
1533816000.0,0.281005859375,3.9188003540039062
1533837600.0,0.5009765625,3.6468276977539062
1533859200.0,0.30078125,4.177589416503906
1533880800.0,0.427490234375,3.5120620727539062
1533902400.0,0.304443359375,3.5979995727539062
1533924000.0,0.349609375,3.3064956665039062
1533945600.0,0.086669921875,3.5984878540039062
1533967200.0,2.552842953576582e-16,3.7210464477539062
1533988800.0,0.444091796875,2.9974136352539062
1534010400.0,0.8310546875,4.192237854003906
1534032000.0,0.435302734375,5.577980041503906
1534053600.0,0.0938720703125,5.909523010253906
1534075200.0,0.021240234375,6.219093322753906
1534096800.0,2.5495458778293945e-16,6.541358947753906
1534118400.0,0.0560302734375,6.802101135253906
1534140000.0,0.283935546875,2.9466323852539062
1534161600.0,0.581298828125,3.5882339477539062
1534183200.0,0.06005859375,3.8455581665039062
1534204800.0,0.033447265625,6.199562072753906
1534226400.0,0.14453125,6.130226135253906
1534248000.0,0.400634765625,3.2693862915039062
1534269600.0,0.454833984375,3.8323745727539062
1534291200.0,0.695068359375,3.9246597290039062
1534312800.0,0.902099609375,4.431007385253906
1534334400.0,1.01708984375,5.263526916503906
1534356000.0,0.53466796875,6.192237854003906
1534377600.0,0.528076171875,6.318214416503906
1534399200.0,0.75439453125,6.214698791503906
1534420800.0,0.751220703125,5.277687072753906
1534442400.0,0.40966796875,5.141944885253906
1534464000.0,0.676025390625,4.004737854003906
1534485600.0,0.7109375,4.407569885253906
1534507200.0,1.396240234375,5.191261291503906
1534528800.0,1.107421875,5.764503479003906
1534550400.0,0.674072265625,5.688819885253906
1534572000.0,0.805419921875,5.106788635253906
1534593600.0,0.65185546875,5.057472229003906
1534615200.0,0.1455078125,5.118995666503906
1534636800.0,1.194580078125,5.319190979003906
1534658400.0,0.45751953125,6.340187072753906
1534680000.0,0.492431640625,6.375831604003906
1534701600.0,0.40283203125,6.338722229003906
1534723200.0,0.02978515625,6.275733947753906
1534744800.0,2.5527709557760653e-16,6.217628479003906
1534766400.0,2.550162094298522e-16,6.125343322753906
1534788000.0,2.548868251471591e-16,5.990577697753906
1534809600.0,2.5430216065531683e-16,5.641456604003906
1534831200.0,0.020263671875,5.274269104003906
1534852800.0,0.270751953125,2.6053237915039062
1534874400.0,0.64404296875,3.6717300415039062
1534896000.0,0.91650390625,4.747413635253906
1534917600.0,0.6533203125,4.843605041503906
1534939200.0,0.506103515625,5.042335510253906
1534960800.0,0.260009765625,5.039894104003906
1534982400.0,0.058349609375,5.242042541503906
1535004000.0,0.408935546875,2.9012222290039062
1535025600.0,0.69384765625,4.110206604003906
1535047200.0,0.945068359375,4.479835510253906
1535068800.0,1.246826171875,5.094581604003906
1535090400.0,1.24853515625,5.245460510253906
1535112000.0,0.992919921875,5.185890197753906
1535133600.0,1.092041015625,4.762062072753906
1535155200.0,1.00390625,5.097999572753906
1535176800.0,0.83447265625,4.700050354003906
1535198400.0,0.4921875,4.412940979003906
1535220000.0,2.5445060317932314e-16,4.184913635253906
1535241600.0,0.459228515625,3.2457046508789062
1535263200.0,1.09033203125,4.414894104003906
1535284800.0,1.843505859375,5.740577697753906
1535306400.0,0.345947265625,6.288429260253906
1535328000.0,0.970947265625,4.605812072753906
1535349600.0,0.919677734375,5.419288635253906
1535371200.0,0.8157958984375,5.182960510253906
1535392800.0,0.220458984375,5.214210510253906
1535414400.0,0.047607421875,5.058937072753906
1535436000.0,0.330322265625,3.0345230102539062
1535457600.0,0.73193359375,3.9422378540039062
1535479200.0,0.662353515625,4.578956604003906
1535500800.0,0.315673828125,4.702980041503906
1535522400.0,0.35693359375,4.699562072753906
1535544000.0,0.3740234375,3.4969253540039062
1535565600.0,0.098388671875,3.6253433227539062
1535587200.0,0.126953125,3.3294448852539062
1535608800.0,2.545073543867892e-16,3.8851089477539062
1535630400.0,0.029541015625,10.751808166503906
1535652000.0,0.0703125,2.2063980102539062
1535673600.0,0.1376953125,2.4075698852539062
1535695200.0,0.284912109375,2.5970230102539062
1535716800.0,0.5849609375,3.3309097290039062
1535738400.0,0.55029296875,3.8597183227539062
1535760000.0,0.658203125,4.110694885253906
1535781600.0,0.571044921875,4.258155822753906
1535803200.0,0.19091796875,4.450538635253906
1535824800.0,0.106201171875,4.676124572753906
1535846400.0,0.28564453125,4.736671447753906
1535868000.0,0.836669921875,4.206398010253906
1535889600.0,0.694091796875,4.597023010253906
1535911200.0,0.408935546875,4.565284729003906
1535932800.0,0.68017578125,3.3113784790039062
1535954400.0,1.2548828125,5.139991760253906
1535976000.0,1.05126953125,5.146827697753906
1535997600.0,1.041015625,4.993019104003906
1536019200.0,0.786376953125,4.767921447753906
1536040800.0,0.27197265625,4.499366760253906
1536062400.0,0.320556640625,3.2591323852539062
1536084000.0,0.416748046875,3.4148941040039062
1536105600.0,0.316162109375,3.5384292602539062
1536127200.0,0.06494140625,3.3890151977539062
1536148800.0,0.0703125,2.2298355102539062
1536170400.0,0.25732421875,2.5325698852539062
1536192000.0,0.30517578125,2.9710464477539062
1536213600.0,0.295166015625,3.2122573852539062
1536235200.0,0.438232421875,3.2576675415039062
1536256800.0,0.957763671875,4.300148010253906
1536278400.0,0.971923828125,4.859718322753906
1536300000.0,0.976318359375,4.658546447753906
1536321600.0,0.6708984375,4.702003479003906
1536343200.0,0.16845703125,4.547706604003906
1536364800.0,0.229248046875,4.183937072753906
1536386400.0,0.359619140625,2.9676284790039062
1536408000.0,0.294921875,4.311378479003906
1536429600.0,0.383056640625,5.541847229003906
1536451200.0,1.053466796875,5.186866760253906
1536472800.0,0.849853515625,6.086769104003906
1536494400.0,0.967529296875,5.402198791503906
1536516000.0,0.95361328125,4.972999572753906
1536537600.0,1.22216796875,5.152198791503906
1536559200.0,1.010498046875,5.240577697753906
1536580800.0,0.9482421875,5.077980041503906
1536602400.0,1.553466796875,5.516456604003906
1536624000.0,0.82666015625,6.382179260253906
1536645600.0,0.826416015625,6.558448791503906
1536667200.0,0.9130859375,4.683937072753906
1536688800.0,0.769287109375,4.722999572753906
1536710400.0,0.872314453125,4.465675354003906
1536732000.0,0.7548828125,4.715187072753906
1536753600.0,0.729736328125,4.389991760253906
1536775200.0,0.296630859375,4.343605041503906
1536796800.0,0.78271484375,3.9236831665039062
1536818400.0,1.111572265625,4.804542541503906
1536840000.0,1.06689453125,5.162452697753906
1536861600.0,0.819580078125,4.970069885253906
1536883200.0,0.93212890625,4.693702697753906
1536904800.0,1.0390625,5.093605041503906
1536926400.0,0.8974609375,5.073585510253906
1536948000.0,0.67822265625,4.737159729003906
1536969600.0,0.5087890625,4.400733947753906
1536991200.0,0.01904296875,4.750831604003906
1537012800.0,0.33837890625,3.9505386352539062
1537034400.0,0.71240234375,4.025245666503906
1537056000.0,2.2265625,5.926124572753906
1537077600.0,1.084228515625,7.709327697753906
1537099200.0,0.648193359375,7.567726135253906
1537120800.0,0.143310546875,7.202491760253906
1537142400.0,0.384765625,6.727394104003906
1537164000.0,0.230224609375,6.354835510253906
1537185600.0,1.1259765625,4.614112854003906
1537207200.0,2.413818359375,6.521339416503906
1537228800.0,1.3154296875,6.849952697753906
1537250400.0,0.3994140625,6.572120666503906
1537272000.0,1.36767578125,5.603370666503906
1537293600.0,1.626220703125,6.936866760253906
1537315200.0,1.98779296875,7.170753479003906
1537336800.0,1.919921875,6.176612854003906
1537358400.0,4.40087890625,8.650733947753906
1537380000.0,2.385009765625,8.165870666503906
1537401600.0,2.076904296875,6.806983947753906
1537423200.0,1.294189453125,6.227394104003906
1537444800.0,0.380126953125,5.669776916503906
1537466400.0,0.0966796875,6.083839416503906
1537488000.0,0.98974609375,4.379249572753906
1537509600.0,1.249755859375,4.987648010253906
1537531200.0,1.50927734375,6.033546447753906
1537552800.0,1.251220703125,5.820655822753906
1537574400.0,1.1328125,5.215675354003906
1537596000.0,0.901123046875,5.028175354003906
1537617600.0,0.389404296875,4.643409729003906
1537639200.0,0.19775390625,4.481788635253906
1537660800.0,0.386474609375,3.2854995727539062
1537682400.0,0.76953125,3.9236831665039062
1537704000.0,1.249755859375,4.841163635253906
1537725600.0,1.480712890625,5.615577697753906
1537747200.0,1.0732421875,5.585304260253906
1537768800.0,0.6484375,4.933937072753906
1537790400.0,0.54052734375,4.047218322753906
1537812000.0,0.204833984375,3.8851089477539062
1537833600.0,0.32421875,2.8860855102539062
1537855200.0,0.74365234375,3.8260269165039062
1537876800.0,1.5498046875,5.246925354003906
1537898400.0,1.799560546875,6.276710510253906
1537920000.0,1.634033203125,6.530616760253906
1537941600.0,1.291259765625,6.270362854003906
1537963200.0,0.757568359375,6.065773010253906
1537984800.0,0.478759765625,6.076515197753906
1538006400.0,0.473388671875,3.9373550415039062
1538028000.0,0.641357421875,3.9822769165039062
1538049600.0,0.575927734375,4.295265197753906
1538071200.0,1.14794921875,4.563331604003906
1538092800.0,0.93212890625,5.072120666503906
1538114400.0,0.678955078125,4.756690979003906
1538136000.0,0.218505859375,4.514015197753906
1538157600.0,0.21240234375,3.4388198852539062
1538179200.0,0.16455078125,3.3846206665039062
1538200800.0,0.333251953125,2.7552261352539062
1538222400.0,0.60693359375,3.5667495727539062
1538244000.0,0.677490234375,3.8855972290039062
1538265600.0,0.9365234375,4.505226135253906
1538287200.0,0.855224609375,4.518898010253906
1538308800.0,1.22802734375,4.795753479003906
1538330400.0,1.6357421875,5.597023010253906
1538352000.0,1.195556640625,5.897804260253906
1538373600.0,0.766357421875,4.876319885253906
1538395200.0,0.56982421875,4.387550354003906
1538416800.0,0.991943359375,4.017921447753906
1538438400.0,1.045166015625,5.299171447753906
1538460000.0,1.15283203125,5.185890197753906
1538481600.0,0.92626953125,5.312843322753906
1538503200.0,1.052734375,5.121925354003906
1538524800.0,0.358154296875,5.286476135253906
1538546400.0,0.643310546875,3.9217300415039062
1538568000.0,0.642578125,4.141944885253906
1538589600.0,0.49462890625,4.187843322753906
1538611200.0,0.607421875,3.8592300415039062
1538632800.0,0.519287109375,3.9583511352539062
1538654400.0,0.930419921875,4.695655822753906
1538676000.0,0.394287109375,5.749855041503906
1538697600.0,0.215087890625,5.822608947753906
1538719200.0,0.3623046875,5.671730041503906
1538740800.0,0.350830078125,3.5618667602539062
1538762400.0,0.52294921875,3.5120620727539062
1538784000.0,0.5146484375,3.8807144165039062
1538805600.0,0.6505126953125,4.092140197753906
1538827200.0,0.696533203125,4.334815979003906
1538848800.0,0.77197265625,4.410987854003906
1538870400.0,0.168701171875,4.357765197753906
1538892000.0,0.623291015625,3.2508316040039062
1538913600.0,1.988525390625,5.447120666503906
1538935200.0,1.953125,6.457862854003906
1538956800.0,1.542724609375,6.257667541503906
1538978400.0,1.474853515625,6.135597229003906
1539000000.0,1.66357421875,6.130714416503906
1539021600.0,1.901611328125,6.543312072753906
1539043200.0,2.041259765625,6.818702697753906
1539064800.0,2.48388671875,7.112648010253906
1539086400.0,2.400634765625,7.495948791503906
1539108000.0,2.08544921875,7.299659729003906
1539129600.0,1.454833984375,6.866065979003906
1539151200.0,0.787353515625,6.166847229003906
1539172800.0,0.905029296875,4.217140197753906
1539194400.0,1.18505859375,5.132179260253906
1539216000.0,1.526611328125,5.504249572753906
1539237600.0,1.274169921875,5.553077697753906
1539259200.0,1.432373046875,5.452980041503906
1539280800.0,0.397216796875,6.196632385253906
1539302400.0,1.09228515625,4.955421447753906
1539324000.0,3.4072265625,7.390480041503906
1539345600.0,3.061767578125,8.824562072753906
1539367200.0,1.77490234375,7.902198791503906
1539388800.0,0.53173828125,8.302589416503906
1539410400.0,0.20849609375,12.168312072753906
1539432000.0,0.149658203125,12.055030822753906
1539453600.0,0.424560546875,7.843605041503906
1539475200.0,0.824462890625,8.318702697753906
1539496800.0,0.474609375,11.130226135253906
1539518400.0,0.0654296875,11.106788635253906
1539540000.0,2.5435404142333615e-16,10.910987854003906
1539561600.0,0.0205078125,10.701515197753906
1539583200.0,0.083984375,10.264503479003906
1539604800.0,0.08935546875,10.067726135253906
1539626400.0,0.17236328125,10.018898010253906
1539648000.0,0.755615234375,3.5945816040039062
1539669600.0,0.865478515625,4.327003479003906
1539691200.0,1.216064453125,4.831886291503906
1539712800.0,0.641357421875,5.765968322753906
1539734400.0,0.552734375,6.113136291503906
1539756000.0,0.463134765625,6.137550354003906
1539777600.0,0.39453125,6.099464416503906
1539799200.0,0.384765625,3.3567886352539062
1539820800.0,0.199951171875,3.4974136352539062
1539842400.0,0.074951171875,6.211769104003906
1539864000.0,2.5363829858290627e-16,6.231788635253906
1539885600.0,0.135009765625,2.3929214477539062
1539907200.0,0.362548828125,2.6907730102539062
1539928800.0,0.68701171875,3.5770034790039062
1539950400.0,0.8165283203125,4.361183166503906
1539972000.0,0.1875,4.325050354003906
1539993600.0,0.258544921875,3.9690933227539062
1540015200.0,0.52783203125,3.4451675415039062
1540036800.0,0.5537109375,4.157081604003906
1540058400.0,0.4306640625,4.367530822753906
1540080000.0,0.394287109375,4.658546447753906
1540101600.0,0.663330078125,3.9656753540039062
1540123200.0,0.69384765625,4.216651916503906
1540144800.0,1.245361328125,4.754737854003906
1540166400.0,1.173583984375,5.110206604003906
1540188000.0,0.9744873046875,5.388038635253906
1540209600.0,0.706787109375,4.339210510253906
1540231200.0,0.894775390625,4.345558166503906
1540252800.0,0.9942626953125,4.675636291503906
1540274400.0,1.2691650390625,5.177101135253906
1540296000.0,1.1832275390625,5.280128479003906
1540317600.0,1.197998046875,5.289405822753906
1540339200.0,1.1341552734375,5.102394104003906
1540360800.0,0.970947265625,5.137550354003906
1540382400.0,0.927001953125,4.865089416503906
1540404000.0,0.960205078125,4.688819885253906
1540425600.0,0.864990234375,4.749855041503906
1540447200.0,0.8408203125,4.671241760253906
1540468800.0,0.669921875,4.334815979003906
1540490400.0,0.744140625,4.084327697753906
1540512000.0,1.238525390625,4.902687072753906
1540533600.0,1.523193359375,5.608741760253906
1540555200.0,1.80859375,5.881202697753906
1540576800.0,1.949951171875,6.215187072753906
1540598400.0,1.93505859375,6.353370666503906
1540620000.0,1.5703125,6.305030822753906
1540641600.0,1.283935546875,5.881202697753906
1540663200.0,1.307861328125,5.157569885253906
1540684800.0,1.079833984375,5.605812072753906
1540706400.0,0.88671875,4.891944885253906
1540728000.0,0.289306640625,4.647804260253906
1540749600.0,0.199951171875,4.224708557128906
1540771200.0,0.3994140625,3.2188491821289062
1540792800.0,0.644775390625,3.5662612915039062
1540814400.0,0.99755859375,4.480812072753906
1540836000.0,0.85107421875,4.421974182128906
1540857600.0,0.760986328125,4.288917541503906
1540879200.0,0.075927734375,4.253273010253906
1540900800.0,2.5410459022036976e-16,4.106300354003906
1540922400.0,2.548868251471591e-16,3.4429702758789062
1540944000.0,0.42724609375,2.9759292602539062
1540965600.0,0.6552734375,4.702247619628906
1540987200.0,0.42626953125,5.801124572753906
1541008800.0,0.618896484375,5.462745666503906
1541030400.0,0.166015625,5.516212463378906
1541052000.0,0.32470703125,2.9300308227539062
1541073600.0,0.452880859375,3.4803237915039062
1541095200.0,0.917724609375,4.196632385253906
1541116800.0,0.912353515625,4.667579650878906
1541138400.0,0.60498046875,4.674415588378906
1541160000.0,0.151611328125,4.435890197753906
1541181600.0,1.196533203125,4.365089416503906
1541203200.0,2.75537109375,6.807960510253906
1541224800.0,2.92822265625,7.713233947753906
1541246400.0,3.22216796875,8.025733947753906
1541268000.0,2.95458984375,8.334327697753906
1541289600.0,2.0634765625,8.091651916503906
1541311200.0,1.2587890625,7.222999572753906
1541332800.0,0.610595703125,6.303077697753906
1541354400.0,0.147705078125,6.208351135253906
1541376000.0,0.235595703125,8.065773010253906
1541397600.0,0.811279296875,4.377784729003906
1541419200.0,0.480224609375,4.809913635253906
1541440800.0,0.560302734375,4.208839416503906
1541462400.0,0.761962890625,4.270851135253906
1541484000.0,1.154541015625,4.640480041503906
1541505600.0,1.59228515625,5.504737854003906
1541527200.0,2.04296875,6.676612854003906
1541548800.0,0.92236328125,6.952491760253906
1541570400.0,1.4365234375,5.329933166503906
1541592000.0,0.614013671875,6.810890197753906
1541613600.0,0.720703125,4.427101135253906
1541635200.0,0.559326171875,5.685401916503906
1541656800.0,1.63671875,5.347999572753906
1541678400.0,1.493408203125,6.131690979003906
1541700000.0,1.724609375,6.350440979003906
1541721600.0,2.078125,7.037940979003906
1541743200.0,2.14892578125,6.784034729003906
1541764800.0,2.57275390625,6.708839416503906
1541786400.0,3.151123046875,7.041358947753906
1541808000.0,1.6771240234375,8.014991760253906
1541829600.0,1.1766357421875,6.651222229003906
1541851200.0,0.4964599609375,6.456398010253906
1541872800.0,0.332275390625,6.170753479003906
1541894400.0,0.796875,4.678565979003906
1541916000.0,0.48046875,5.372901916503906
1541937600.0,0.3125,5.674171447753906
1541959200.0,1.48681640625,5.683937072753906
1541980800.0,1.777587890625,7.315284729003906
1542002400.0,1.64404296875,7.370460510253906
1542024000.0,1.8212890625,6.981788635253906
1542045600.0,1.70166015625,7.172218322753906
1542067200.0,1.25927734375,7.348976135253906
1542088800.0,1.4874267578125,6.186378479003906
1542110400.0,0.95751953125,5.893898010253906
1542132000.0,1.32470703125,5.355812072753906
1542153600.0,2.459228515625,6.875831604003906
1542175200.0,2.94189453125,8.105323791503906
1542196800.0,2.721923828125,8.190773010253906
1542218400.0,2.644775390625,7.993995666503906
1542240000.0,2.132568359375,7.625099182128906
1542261600.0,1.901123046875,6.983741760253906
1542283200.0,2.013427734375,6.554542541503906
1542304800.0,2.010986328125,6.952003479003906
1542326400.0,0.34423828125,6.815773010253906
1542348000.0,0.637939453125,6.462257385253906
1542369600.0,0.63671875,4.678565979003906
1542391200.0,0.59814453125,4.031593322753906
1542412800.0,0.972900390625,4.346534729003906
1542434400.0,1.23828125,5.070167541503906
1542456000.0,1.212158203125,5.236671447753906
1542477600.0,1.279541015625,5.302589416503906
1542499200.0,1.581787109375,5.788917541503906
1542520800.0,1.4013671875,5.731300354003906
1542542400.0,1.16943359375,5.606788635253906
1542564000.0,1.01318359375,4.825538635253906
1542585600.0,1.05908203125,4.891944885253906
1542607200.0,1.114990234375,5.072608947753906
1542628800.0,1.148193359375,5.123390197753906
1542650400.0,1.208740234375,5.076026916503906
1542672000.0,1.463134765625,5.400245666503906
1542693600.0,1.576904296875,5.692237854003906
1542715200.0,1.529296875,5.660987854003906
1542736800.0,1.796630859375,5.800636291503906
1542758400.0,1.7359619140625,6.173683166503906
1542780000.0,1.705078125,6.101905822753906
1542801600.0,1.4940185546875,5.556495666503906
1542823200.0,1.80517578125,5.892921447753906
1542844800.0,1.689208984375,6.077980041503906
1542866400.0,1.276611328125,5.718605041503906
1542888000.0,0.72998046875,5.240577697753906
1542909600.0,0.666015625,4.347023010253906
1542931200.0,0.806884765625,4.434425354003906
1542952800.0,0.779052734375,4.377784729003906
1542974400.0,0.867919921875,4.779640197753906
1542996000.0,0.78271484375,4.718116760253906
1543017600.0,0.8037109375,4.916847229003906
1543039200.0,0.803466796875,4.476661682128906
1543060800.0,0.80517578125,4.482765197753906
1543082400.0,0.66162109375,4.132179260253906
1543104000.0,0.662353515625,4.253273010253906
1543125600.0,0.746337890625,4.207374572753906
1543147200.0,0.981201171875,4.732276916503906
1543168800.0,1.06982421875,4.717628479003906
1543190400.0,1.027587890625,5.004737854003906
1543212000.0,0.748046875,4.602394104003906
1543233600.0,0.4580078125,4.133155822753906
1543255200.0,0.394775390625,3.7366714477539062
1543276800.0,0.96875,4.057960510253906
1543298400.0,1.954833984375,5.411964416503906
1543320000.0,3.26806640625,7.031105041503906
1543341600.0,0.605712890625,7.878761291503906
1543363200.0,1.055908203125,7.634620666503906
1543384800.0,2.346923828125,5.925636291503906
1543406400.0,3.971923828125,7.928565979003906
1543428000.0,3.373291015625,9.879249572753906
1543449600.0,1.80810546875,8.712745666503906
1543471200.0,0.8544921875,7.851905822753906
1543492800.0,1.06494140625,8.132179260253906
1543514400.0,2.15966796875,6.926124572753906
1543536000.0,2.050537109375,7.173683166503906
1543557600.0,2.1630859375,6.847999572753906
1543579200.0,2.048583984375,6.771827697753906
1543600800.0,1.657470703125,6.444190979003906
1543622400.0,1.12939453125,6.127296447753906
1543644000.0,0.2978515625,6.041358947753906
1543665600.0,0.71728515625,4.240577697753906
1543687200.0,0.08935546875,6.222023010253906
1543708800.0,0.0625,6.229835510253906
1543730400.0,2.5388436165408364e-16,6.160987854003906
1543752000.0,0.486083984375,5.567237854003906
1543773600.0,1.17529296875,6.112648010253906
1543795200.0,0.924072265625,6.548683166503906
1543816800.0,0.539794921875,6.355812072753906
1543838400.0,0.631591796875,4.155616760253906
1543860000.0,0.659912109375,4.226417541503906
1543881600.0,0.479736328125,4.241554260253906
1543903200.0,0.45458984375,3.4671401977539062
1543924800.0,0.4375,3.6131362915039062
1543946400.0,0.029296875,8.404151916503906
1543968000.0,0.364990234375,3.4505386352539062
1543989600.0,1.40478515625,4.824073791503906
1544011200.0,1.5260009765625,6.125831604003906
1544032800.0,0.158203125,6.164894104003906
1544054400.0,0.111572265625,6.210792541503906
1544076000.0,1.05908203125,4.342628479003906
1544097600.0,1.142578125,5.841163635253906
1544119200.0,0.212158203125,6.307960510253906
1544140800.0,1.167724609375,4.663429260253906
1544162400.0,1.45751953125,6.935890197753906
1544184000.0,2.18359375,6.454444885253906
1544205600.0,2.6279296875,7.003273010253906
1544227200.0,2.793701171875,7.574562072753906
1544248800.0,2.276123046875,7.055519104003906
1544270400.0,0.9921875,6.552589416503906
1544292000.0,1.667236328125,6.002784729003906
1544313600.0,1.266845703125,6.440284729003906
1544335200.0,1.0458984375,4.758644104003906
1544356800.0,1.108642578125,5.185401916503906
1544378400.0,0.78955078125,5.068702697753906
1544400000.0,0.64599609375,4.661476135253906
1544421600.0,0.710205078125,4.562843322753906
1544443200.0,0.113525390625,4.660499572753906
1544464800.0,0.206787109375,4.472999572753906
1544486400.0,0.64453125,3.6897964477539062
1544508000.0,0.51953125,4.700538635253906
1544529600.0,0.992919921875,4.486671447753906
1544551200.0,1.294189453125,5.219581604003906
1544572800.0,1.490478515625,5.797706604003906
1544594400.0,1.530029296875,6.084327697753906
1544616000.0,1.577392578125,5.719093322753906
1544637600.0,2.261474609375,6.286476135253906
1544659200.0,2.873046875,6.984230041503906
1544680800.0,3.01611328125,7.519874572753906
1544702400.0,3.000244140625,7.467628479003906
1544724000.0,2.347412109375,7.263526916503906
1544745600.0,2.00146484375,6.492042541503906
1544767200.0,1.822509765625,6.205909729003906
1544788800.0,1.982177734375,6.540870666503906
1544810400.0,2.099853515625,6.542823791503906
1544832000.0,2.611328125,7.018898010253906
1544853600.0,3.04931640625,7.247413635253906
1544875200.0,3.872802734375,7.837745666503906
1544896800.0,4.128173828125,8.451515197753906
1544918400.0,2.16552734375,6.216163635253906
1544940000.0,1.514404296875,6.591651916503906
1544961600.0,0.533203125,6.113136291503906
1544983200.0,0.299560546875,5.231300354003906
1545004800.0,0.372802734375,5.220069885253906
1545026400.0,0.4833984375,4.853370666503906
1545048000.0,1.113037109375,4.664405822753906
1545069600.0,2.580810546875,6.595069885253906
1545091200.0,3.4658203125,8.127784729003906
1545112800.0,4.033935546875,8.357765197753906
1545134400.0,2.2119140625,9.407081604003906
1545156000.0,1.217041015625,8.341651916503906
1545177600.0,0.550537109375,6.512062072753906
1545199200.0,0.895263671875,5.120948791503906
1545220800.0,1.515625,5.691749572753906
1545242400.0,1.0867919921875,6.540870666503906
1545264000.0,0.5247802734375,7.134132385253906
1545285600.0,0.601806640625,6.202980041503906
1545307200.0,1.28662109375,5.568214416503906
1545328800.0,1.406494140625,6.182960510253906
1545350400.0,0.953857421875,6.182960510253906
1545372000.0,0.09326171875,6.175636291503906
1545393600.0,0.434326171875,6.255226135253906
1545415200.0,0.3369140625,8.773292541503906
1545436800.0,0.6005859375,5.931495666503906
1545458400.0,0.908447265625,5.073097229003906
1545480000.0,0.959228515625,5.186866760253906
1545501600.0,0.889892578125,5.162940979003906
1545523200.0,0.5302734375,5.201515197753906
1545544800.0,2.5430216065531683e-16,5.107765197753906
1545566400.0,0.055419921875,8.245460510253906
1545588000.0,0.2947998046875,6.250343322753906
1545609600.0,0.080322265625,7.877784729003906
1545631200.0,0.2322998046875,8.110694885253906
1545652800.0,0.459716796875,3.2376480102539062
1545674400.0,0.492431640625,3.7640151977539062
1545696000.0,0.67333984375,4.191261291503906
1545717600.0,0.31201171875,4.742042541503906
1545739200.0,0.515869140625,4.525733947753906
1545760800.0,0.758056640625,4.643653869628906
1545782400.0,0.505126953125,5.121681213378906
1545804000.0,0.48681640625,4.983497619628906
1545825600.0,0.3798828125,5.011817932128906
1545847200.0,0.214599609375,5.012550354003906
1545868800.0,0.25244140625,4.867042541503906
1545890400.0,0.08544921875,4.662452697753906
1545912000.0,0.078369140625,10.315284729003906
1545933600.0,0.0869140625,10.130714416503906
1545955200.0,0.278564453125,9.990089416503906
1545976800.0,0.780029296875,3.9056167602539062
1545998400.0,0.24072265625,4.582862854003906
1546020000.0,0.146728515625,4.501319885253906
1546041600.0,1.131591796875,4.361183166503906
1546063200.0,1.449462890625,5.698585510253906
1546084800.0,0.80322265625,5.832374572753906
1546106400.0,0.018310546875,5.833839416503906
1546128000.0,0.672119140625,3.5975112915039062
1546149600.0,0.372802734375,4.552101135253906
1546171200.0,0.2568359375,4.543312072753906
1546192800.0,0.153564453125,3.9021987915039062
1546214400.0,0.415771484375,3.2112808227539062
1546236000.0,0.578369140625,3.8445816040039062
1546257600.0,0.6640625,4.404151916503906
1546279200.0,0.794189453125,4.514015197753906
1546300800.0,1.000244140625,4.638526916503906
1546322400.0,0.470703125,4.838722229003906
1546344000.0,0.689697265625,4.013526916503906
1546365600.0,0.379150390625,4.266456604003906
1546387200.0,0.39599609375,3.1067886352539062
1546408800.0,0.365234375,3.3133316040039062
1546430400.0,0.18017578125,3.2723159790039062
1546452000.0,0.1131591796875,3.1448745727539062
1546473600.0,0.12646484375,3.0496597290039062
1546495200.0,0.341552734375,3.1717300415039062
1546516800.0,0.1435546875,3.5862808227539062
1546538400.0,0.0546875,3.7249526977539062
1546560000.0,0.109375,3.8646011352539062
1546581600.0,0.18212890625,3.7850112915039062
1546603200.0,0.1572265625,3.8914566040039062
1546624800.0,0.18017578125,3.0906753540039062
1546646400.0,0.255126953125,2.9119644165039062
1546668000.0,0.258544921875,2.9939956665039062
1546689600.0,0.410400390625,3.2317886352539062
1546711200.0,0.45166015625,3.6312026977539062
1546732800.0,0.31689453125,3.9603042602539062
1546754400.0,0.17822265625,4.014015197753906
1546776000.0,0.10546875,4.042335510253906
1546797600.0,0.260009765625,2.9261245727539062
1546819200.0,0.545654296875,3.6883316040039062
1546840800.0,0.863037109375,4.321144104003906
1546862400.0,1.325927734375,5.253273010253906
1546884000.0,1.4384765625,5.327980041503906
1546905600.0,1.349609375,5.910987854003906
1546927200.0,1.7275390625,5.842628479003906
1546948800.0,1.272216796875,5.681495666503906
1546970400.0,1.248779296875,5.489112854003906
1546992000.0,0.88720703125,5.144386291503906
1547013600.0,0.32666015625,4.765480041503906
1547035200.0,2.5430216065531683e-16,4.508155822753906
1547056800.0,2.5529170689594666e-16,4.227882385253906
1547078400.0,2.5333993122723594e-16,2.3284683227539062
1547100000.0,0.2060546875,2.5418472290039062
1547121600.0,0.4169921875,3.2459487915039062
1547143200.0,0.46240234375,3.5354995727539062
1547164800.0,0.51220703125,3.8553237915039062
1547186400.0,0.5439453125,3.8704605102539062
1547208000.0,0.244873046875,3.8978042602539062
1547229600.0,0.454345703125,3.2620620727539062
1547251200.0,0.928955078125,4.275733947753906
1547272800.0,1.01904296875,4.791358947753906
1547294400.0,0.9736328125,4.936866760253906
1547316000.0,1.51171875,5.268898010253906
1547337600.0,1.33251953125,5.452491760253906
1547359200.0,1.47412109375,5.553565979003906
1547380800.0,1.3857421875,5.648292541503906
1547402400.0,1.958251953125,6.121437072753906
1547424000.0,2.03759765625,6.639503479003906
1547445600.0,1.389404296875,6.188331604003906
1547467200.0,0.674560546875,5.506690979003906
1547488800.0,0.6748046875,4.195167541503906
1547510400.0,0.96142578125,4.680030822753906
1547532000.0,1.072998046875,5.010597229003906
1547553600.0,1.01025390625,5.226417541503906
1547575200.0,1.21826171875,5.218116760253906
1547596800.0,1.44921875,5.650245666503906
1547618400.0,1.092529296875,6.224464416503906
1547640000.0,1.026611328125,5.270851135253906
1547661600.0,0.88330078125,4.977394104003906
1547683200.0,1.3759765625,5.111183166503906
1547704800.0,2.056640625,6.287940979003906
1547726400.0,1.036865234375,6.269386291503906
1547748000.0,0.04736328125,5.827003479003906
1547769600.0,0.502197265625,2.9959487915039062
1547791200.0,1.589111328125,5.241065979003906
1547812800.0,1.838134765625,6.445655822753906
1547834400.0,1.71875,7.075050354003906
1547856000.0,1.04150390625,6.411476135253906
1547877600.0,0.825439453125,5.606300354003906
1547899200.0,0.661376953125,4.994972229003906
1547920800.0,0.468994140625,4.583839416503906
1547942400.0,0.080810546875,4.307472229003906
1547964000.0,2.5336830683096896e-16,4.273292541503906
1547985600.0,0.448974609375,2.9998550415039062
1548007200.0,1.070068359375,5.152198791503906
1548028800.0,0.21240234375,5.121925354003906
1548050400.0,0.174560546875,5.058937072753906
1548072000.0,1.05419921875,3.9920425415039062
1548093600.0,2.527099609375,6.356300354003906
1548115200.0,1.252685546875,6.991554260253906
1548136800.0,1.007568359375,5.373390197753906
1548158400.0,0.888671875,5.085304260253906
1548180000.0,0.723876953125,4.626319885253906
1548201600.0,0.75830078125,4.380714416503906
1548223200.0,0.7314453125,4.649269104003906
1548244800.0,0.216064453125,4.285011291503906
1548266400.0,0.319580078125,3.1580581665039062
1548288000.0,0.47119140625,3.4935073852539062
1548309600.0,0.31396484375,3.8587417602539062
1548331200.0,0.053466796875,3.8050308227539062
1548352800.0,0.115234375,2.4573745727539062
1548374400.0,0.466064453125,3.0208511352539062
1548396000.0,0.906982421875,4.267921447753906
1548417600.0,1.041748046875,4.759376525878906
1548439200.0,0.946533203125,4.786476135253906
1548460800.0,1.03271484375,5.080421447753906
1548482400.0,1.0546875,4.953468322753906
1548504000.0,1.59765625,5.713722229003906
1548525600.0,0.386962890625,6.588722229003906
1548547200.0,2.33349609375,5.574073791503906
1548568800.0,3.717041015625,7.771827697753906
1548590400.0,3.349365234375,8.198097229003906
1548612000.0,2.390625,7.493995666503906
1548633600.0,1.447265625,6.353858947753906
1548655200.0,1.052978515625,5.595558166503906
1548676800.0,0.45458984375,5.025245666503906
1548698400.0,0.7978515625,3.6551284790039062
1548720000.0,0.987548828125,4.498878479003906
1548741600.0,1.07763671875,5.142433166503906
1548763200.0,0.864013671875,4.794776916503906
1548784800.0,1.062744140625,4.913429260253906
1548806400.0,0.92431640625,4.644874572753906
1548828000.0,0.729736328125,4.677589416503906
1548849600.0,0.282470703125,4.532569885253906
1548871200.0,0.133056640625,3.5887222290039062
1548892800.0,2.5482986218145626e-16,13.521827697753906
1548914400.0,0.39208984375,2.9051284790039062
1548936000.0,1.3603515625,4.808448791503906
1548957600.0,1.405029296875,5.681007385253906
1548979200.0,1.081787109375,5.602882385253906
1549000800.0,0.813232421875,4.586280822753906
1549022400.0,0.711669921875,4.571144104003906
1549044000.0,0.8125,4.432472229003906
1549065600.0,0.9326171875,4.692237854003906
1549087200.0,1.434814453125,5.620460510253906
1549108800.0,0.7998046875,5.524757385253906
1549130400.0,0.254638671875,5.037940979003906
1549152000.0,0.29443359375,2.8626480102539062
1549173600.0,0.65869140625,3.5672378540039062
1549195200.0,1.40771484375,5.342628479003906
1549216800.0,0.671875,5.743507385253906
1549238400.0,2.049560546875,6.298683166503906
1549260000.0,0.750732421875,7.490577697753906
1549281600.0,0.630126953125,7.510597229003906
1549303200.0,0.272705078125,7.952491760253906
1549324800.0,0.056396484375,8.720069885253906
1549346400.0,0.515869140625,3.2806167602539062
1549368000.0,1.47998046875,5.085304260253906
1549389600.0,2.03955078125,6.342628479003906
1549411200.0,0.837158203125,6.889503479003906
1549432800.0,1.002685546875,5.136573791503906
1549454400.0,1.2255859375,5.256202697753906
1549476000.0,0.978271484375,5.765968322753906
1549497600.0,0.92236328125,5.808448791503906
1549519200.0,0.246337890625,6.140968322753906
1549540800.0,1.02587890625,5.346534729003906
1549562400.0,1.092529296875,5.277198791503906
1549584000.0,1.445556640625,5.666358947753906
1549605600.0,2.906005859375,7.199562072753906
1549627200.0,3.482666015625,8.763038635253906
1549648800.0,2.652099609375,8.295753479003906
1549670400.0,3.63037109375,7.782569885253906
1549692000.0,2.935546875,8.462745666503906
1549713600.0,1.6396484375,7.668312072753906
1549735200.0,0.864013671875,6.127784729003906
1549756800.0,0.59765625,5.945167541503906
1549778400.0,0.560546875,3.6194839477539062
1549800000.0,0.930908203125,4.350440979003906
1549821600.0,0.630859375,5.228370666503906
1549843200.0,0.7890625,4.024757385253906
1549864800.0,0.750244140625,4.372901916503906
1549886400.0,2.539104079172117e-16,4.598976135253906
1549908000.0,0.322998046875,2.7869644165039062
1549929600.0,0.72119140625,3.9725112915039062
1549951200.0,1.350830078125,5.212257385253906
1549972800.0,1.316162109375,5.785987854003906
1549994400.0,0.4609375,5.977394104003906
1550016000.0,0.996337890625,5.472511291503906
1550037600.0,1.567626953125,5.797218322753906
1550059200.0,1.595703125,6.285011291503906
1550080800.0,1.914794921875,6.646827697753906
1550102400.0,1.583251953125,6.755226135253906
1550124000.0,1.0361328125,6.419776916503906
1550145600.0,1.23291015625,5.937355041503906
1550167200.0,1.138671875,5.735206604003906
1550188800.0,0.920654296875,5.530616760253906
1550210400.0,1.198486328125,5.240089416503906
1550232000.0,1.4677734375,5.742530822753906
1550253600.0,1.815673828125,6.226417541503906
1550275200.0,1.927001953125,6.912940979003906
1550296800.0,1.188720703125,6.783058166503906
1550318400.0,1.26416015625,6.110694885253906
1550340000.0,1.7236328125,6.327980041503906
1550361600.0,2.6298828125,6.951515197753906
1550383200.0,2.705078125,7.465675354003906
1550404800.0,2.264404296875,7.703956604003906
1550426400.0,2.30419921875,7.156105041503906
1550448000.0,2.431640625,7.573097229003906
1550469600.0,1.7578125,7.439308166503906
1550491200.0,1.9530029296875,6.471046447753906
1550512800.0,1.196044921875,6.286476135253906
1550534400.0,0.84033203125,6.071144104003906
1550556000.0,0.74658203125,5.180030822753906
1550577600.0,0.773193359375,4.721046447753906
1550599200.0,1.771484375,5.681983947753906
1550620800.0,2.072265625,6.939796447753906
1550642400.0,2.166259765625,7.320167541503906
1550664000.0,2.2587890625,7.457862854003906
1550685600.0,1.70849609375,7.325050354003906
1550707200.0,1.463134765625,6.790870666503906
1550728800.0,1.205078125,6.493019104003906
1550750400.0,1.298095703125,6.274269104003906
1550772000.0,1.5283203125,6.295265197753906
1550793600.0,1.65869140625,6.187843322753906
1550815200.0,1.94287109375,6.368507385253906
1550836800.0,1.517578125,6.481300354003906
1550858400.0,1.193115234375,6.227394104003906
1550880000.0,1.308349609375,6.083351135253906
1550901600.0,1.703369140625,6.240577697753906
1550923200.0,1.7646484375,6.612403869628906
1550944800.0,0.79248046875,6.547462463378906
1550966400.0,0.018798828125,6.325050354003906
1550988000.0,0.22509765625,11.818702697753906
1551009600.0,0.643310546875,3.8968276977539062
1551031200.0,0.32421875,11.214210510253906
1551052800.0,0.425537109375,3.5691909790039062
1551074400.0,0.34912109375,10.986183166503906
1551096000.0,0.329345703125,3.8636245727539062
1551117600.0,0.504638671875,3.3494644165039062
1551139200.0,0.5361328125,4.173683166503906
1551160800.0,0.12646484375,4.359230041503906
1551182400.0,0.184326171875,4.370460510253906
1551204000.0,0.147216796875,8.520851135253906
1551225600.0,0.141845703125,8.490577697753906
1551247200.0,0.14599609375,2.7874526977539062
1551268800.0,0.06787109375,3.4983901977539062
1551290400.0,2.539459833009964e-16,3.7366714477539062
1551312000.0,0.064697265625,4.304054260253906
1551333600.0,0.221923828125,2.6785659790039062
1551355200.0,0.08251953125,3.8187026977539062
1551376800.0,0.2099609375,3.9930191040039062
1551398400.0,2.5358959418843915e-16,8.394874572753906
1551420000.0,2.5430216065531683e-16,8.488624572753906
1551441600.0,0.155517578125,8.525733947753906
1551463200.0,0.91455078125,4.383644104003906
1551484800.0,0.39013671875,5.289405822753906
1551506400.0,0.231689453125,5.954933166503906
1551528000.0,1.541748046875,4.911476135253906
1551549600.0,1.9736328125,7.697120666503906
1551571200.0,2.25,7.359718322753906
1551592800.0,1.970458984375,6.958351135253906
1551614400.0,0.786376953125,6.385597229003906
1551636000.0,0.42529296875,6.208839416503906
1551657600.0,1.210205078125,5.115089416503906
1551679200.0,1.12646484375,5.155616760253906
1551700800.0,0.7236328125,5.133155822753906
1551722400.0,0.743896484375,4.742042541503906
1551744000.0,1.380859375,5.532081604003906
1551765600.0,1.611328125,6.128761291503906
1551787200.0,1.531982421875,6.759132385253906
1551808800.0,0.5400390625,6.455421447753906
1551830400.0,0.65185546875,6.247901916503906
1551852000.0,1.587646484375,6.464210510253906
1551873600.0,1.02099609375,7.426124572753906
1551895200.0,0.583251953125,7.330909729003906
1551916800.0,1.45654296875,5.486183166503906
1551938400.0,1.382080078125,6.276710510253906
1551960000.0,1.579345703125,5.297218322753906
1551981600.0,1.8310546875,6.243507385253906
1552003200.0,0.916748046875,6.043312072753906
1552024800.0,0.250732421875,5.676612854003906
1552046400.0,1.45947265625,4.850440979003906
1552068000.0,1.228515625,5.825538635253906
1552089600.0,1.3916015625,5.404640197753906
1552111200.0,0.99462890625,5.474952697753906
1552132800.0,1.092529296875,6.512550354003906
1552154400.0,1.06982421875,5.551124572753906
1552176000.0,0.240966796875,6.040870666503906
1552197600.0,0.470458984375,3.0438003540039062
1552219200.0,2.041748046875,5.711280822753906
1552240800.0,2.481201171875,6.846046447753906
1552262400.0,2.013916015625,6.768898010253906
1552284000.0,1.7236328125,6.199562072753906
1552305600.0,0.70654296875,5.897315979003906
1552327200.0,1.635986328125,5.193702697753906
1552348800.0,3.564453125,7.737159729003906
1552370400.0,1.423828125,8.590675354003906
1552392000.0,1.6298828125,5.856788635253906
1552413600.0,2.86572265625,6.946144104003906
1552435200.0,2.657470703125,7.332374572753906
1552456800.0,2.59814453125,6.884132385253906
1552478400.0,2.480712890625,6.962745666503906
1552500000.0,1.094482421875,6.638038635253906
1552521600.0,1.617919921875,5.468605041503906
1552543200.0,2.1884765625,6.645851135253906
1552564800.0,1.56640625,6.242530822753906
1552586400.0,0.99072265625,5.786476135253906
1552608000.0,0.690673828125,4.300148010253906
1552629600.0,1.9287109375,5.872901916503906
1552651200.0,1.572998046875,6.104835510253906
1552672800.0,1.095947265625,5.805030822753906
1552694400.0,0.24267578125,6.316261291503906
1552716000.0,0.990966796875,4.255714416503906
1552737600.0,2.58154296875,7.999366760253906
1552759200.0,1.375732421875,8.755226135253906
1552780800.0,1.269287109375,5.420265197753906
1552802400.0,1.5224609375,5.633155822753906
1552824000.0,1.2197265625,5.610206604003906
1552845600.0,1.593994140625,5.564308166503906
1552867200.0,0.767578125,5.660011291503906
1552888800.0,0.619140625,4.260597229003906
1552910400.0,0.4541015625,4.256690979003906
1552932000.0,0.029541015625,4.382667541503906
1552953600.0,0.126708984375,4.326026916503906
1552975200.0,0.20751953125,2.6634292602539062
1552996800.0,0.634521484375,3.6980972290039062
1553018400.0,0.22021484375,4.312843322753906
1553040000.0,0.141845703125,4.333839416503906
1553061600.0,0.30517578125,3.4549331665039062
1553083200.0,0.552001953125,3.5232925415039062
1553104800.0,0.76611328125,4.234230041503906
1553126400.0,0.676025390625,4.689308166503906
1553148000.0,0.49853515625,4.658058166503906
1553169600.0,0.461669921875,4.065773010253906
1553191200.0,0.638427734375,3.7684097290039062
1553212800.0,1.281005859375,4.914894104003906
1553234400.0,1.67138671875,5.659523010253906
1553256000.0,1.5703125,6.215187072753906
1553277600.0,0.387451171875,6.227882385253906
1553299200.0,0.5947265625,6.064796447753906
1553320800.0,0.6533203125,4.148780822753906
1553342400.0,0.236572265625,4.268409729003906
1553364000.0,0.09326171875,13.929054260253906
1553385600.0,0.321044921875,2.9681167602539062
1553407200.0,0.85498046875,3.7596206665039062
1553428800.0,1.176513671875,4.745460510253906
1553450400.0,1.286376953125,5.120948791503906
1553472000.0,1.11376953125,5.252296447753906
1553493600.0,1.054931640625,5.146339416503906
1553515200.0,0.49365234375,4.897071838378906
1553536800.0,0.090087890625,4.403419494628906
1553558400.0,0.06591796875,12.018409729003906
1553580000.0,0.225341796875,2.5564956665039062
1553601600.0,0.375,3.1824722290039062
1553623200.0,0.03466796875,3.2735366821289062
1553644800.0,0.21044921875,2.6258316040039062
1553666400.0,0.3466796875,2.9485855102539062
1553688000.0,0.28759765625,3.3157730102539062
1553709600.0,0.036376953125,3.4759292602539062
1553731200.0,0.19677734375,2.7205581665039062
1553752800.0,0.098388671875,2.9773941040039062
1553774400.0,0.291015625,2.7342300415039062
1553796000.0,0.646484375,3.8489761352539062
1553817600.0,0.54345703125,4.681007385253906
1553839200.0,0.253173828125,4.636573791503906
1553860800.0,0.218994140625,4.366065979003906
1553882400.0,0.4921875,3.8274917602539062
1553904000.0,0.246337890625,4.019386291503906
1553925600.0,0.06005859375,4.108741760253906
1553947200.0,0.346435546875,3.9837417602539062
1553968800.0,0.962158203125,4.401222229003906
1553990400.0,0.746826171875,4.815284729003906
1554012000.0,0.334716796875,4.660987854003906
1554033600.0,0.386474609375,3.6658706665039062
1554055200.0,0.0888671875,3.9305191040039062
1554076800.0,0.75244140625,3.9148941040039062
1554098400.0,1.1103515625,4.777198791503906
1554120000.0,0.885498046875,4.863624572753906
1554141600.0,0.702880859375,4.368995666503906
1554163200.0,0.3310546875,4.426124572753906
1554184800.0,0.67919921875,3.9368667602539062
1554206400.0,0.591796875,4.340675354003906
1554228000.0,0.21435546875,4.320655822753906
1554249600.0,0.917236328125,4.054054260253906
1554271200.0,2.22265625,5.912940979003906
1554292800.0,2.57080078125,6.937355041503906
1554314400.0,0.269775390625,6.941261291503906
1554336000.0,1.154052734375,4.778663635253906
1554357600.0,1.17919921875,5.144386291503906
1554379200.0,0.885009765625,4.999366760253906
1554400800.0,1.74267578125,5.472023010253906
1554422400.0,2.327880859375,6.796730041503906
1554444000.0,1.619873046875,6.249855041503906
1554465600.0,1.60302734375,5.644874572753906
1554487200.0,0.877685546875,5.836769104003906
1554508800.0,0.89599609375,4.347999572753906
1554530400.0,0.952880859375,4.678077697753906
1554552000.0,0.12548828125,4.702980041503906
1554573600.0,0.1064453125,4.574073791503906
1554595200.0,0.170654296875,7.334327697753906
1554616800.0,0.397705078125,3.0589370727539062
1554638400.0,0.371826171875,3.2093276977539062
1554660000.0,0.05908203125,3.1800308227539062
1554681600.0,0.75927734375,3.7054214477539062
1554703200.0,0.88427734375,4.295753479003906
1554724800.0,0.396240234375,4.351417541503906
1554746400.0,0.4990234375,3.1556167602539062
1554768000.0,0.7060546875,4.240089416503906
1554789600.0,0.897705078125,4.245948791503906
1554811200.0,0.79296875,4.674171447753906
1554832800.0,0.289306640625,4.591651916503906
1554854400.0,0.65673828125,3.9051284790039062
1554876000.0,0.653076171875,4.145851135253906
1554897600.0,0.24267578125,4.168800354003906
1554919200.0,2.548868251471591e-16,8.600929260253906
1554940800.0,2.5355380704641765e-16,8.333839416503906
1554962400.0,0.5517578125,3.7020034790039062
1554984000.0,0.597900390625,3.9656753540039062
1555005600.0,0.2109375,3.9783706665039062
1555027200.0,0.20703125,3.7146987915039062
1555048800.0,0.589111328125,3.5311050415039062
1555070400.0,1.0009765625,4.676124572753906
1555092000.0,0.87890625,4.682472229003906
1555113600.0,1.33251953125,4.785011291503906
1555135200.0,1.625244140625,5.655616760253906
1555156800.0,1.805908203125,5.886573791503906
1555178400.0,1.697265625,5.768898010253906
1555200000.0,2.063232421875,6.125831604003906
1555221600.0,2.03759765625,6.253761291503906
1555243200.0,1.91015625,6.178077697753906
1555264800.0,1.3525390625,5.616554260253906
1555286400.0,1.8310546875,5.751808166503906
1555308000.0,2.23828125,6.297706604003906
1555329600.0,2.250244140625,6.657081604003906
1555351200.0,1.705078125,6.218116760253906
1555372800.0,1.51953125,5.810401916503906
1555394400.0,0.40625,5.784523010253906
1555416000.0,0.1689453125,9.196632385253906
1555437600.0,2.5512293558120624e-16,9.172218322753906
1555459200.0,0.198486328125,9.680030822753906
1555480800.0,0.515380859375,3.2845230102539062
1555502400.0,0.260009765625,3.5958023071289062
1555524000.0,2.547868752593831e-16,8.566017150878906
1555545600.0,0.679443359375,3.6304702758789062
1555567200.0,0.6298828125,4.171241760253906
1555588800.0,0.531005859375,4.199562072753906
1555610400.0,2.5513394700952055e-16,10.139015197753906
1555632000.0,0.373291015625,2.9871597290039062
1555653600.0,0.410400390625,3.5940933227539062
1555675200.0,0.301513671875,3.6229019165039062
1555696800.0,0.021240234375,9.175636291503906
1555718400.0,2.529507195879726e-16,8.993019104003906
1555740000.0,2.548868251471591e-16,8.704689025878906
1555761600.0,2.5322918166938244e-16,8.357276916503906
1555783200.0,2.5355380704641765e-16,8.160011291503906
1555804800.0,0.090087890625,7.838233947753906
1555826400.0,0.119873046875,2.5618667602539062
1555848000.0,0.3311767578125,2.9432144165039062
1555869600.0,0.6951904296875,3.7186050415039062
1555891200.0,0.8466796875,4.666847229003906
1555912800.0,0.405029296875,4.638526916503906
1555934400.0,0.768798828125,3.9700698852539062
1555956000.0,0.645263671875,4.263038635253906
1555977600.0,0.8193359375,4.331886291503906
1555999200.0,0.241455078125,4.372901916503906
1556020800.0,0.17041015625,4.294288635253906
1556042400.0,0.61279296875,3.7288589477539062
1556064000.0,0.85546875,4.553565979003906
1556085600.0,0.7529296875,4.204933166503906
1556107200.0,0.674072265625,4.187355041503906
1556128800.0,0.155029296875,4.115089416503906
1556150400.0,0.852294921875,4.441749572753906
1556172000.0,0.496337890625,4.711769104003906
1556193600.0,0.731689453125,4.232276916503906
1556215200.0,0.4638671875,4.432960510253906
1556236800.0,0.780029296875,4.982276916503906
1556258400.0,1.1484375,5.492530822753906
1556280000.0,0.81103515625,5.871925354003906
1556301600.0,1.68017578125,5.702980041503906
1556323200.0,1.282470703125,7.723487854003906
1556344800.0,0.338623046875,8.566261291503906
1556366400.0,1.89013671875,5.639991760253906
1556388000.0,2.050537109375,6.337257385253906
1556409600.0,1.872802734375,6.284034729003906
1556431200.0,0.75,5.847023010253906
1556452800.0,0.0400390625,5.159034729003906
1556474400.0,0.139892578125,6.064308166503906
1556496000.0,0.140625,2.7332534790039062
1556517600.0,0.279296875,3.0218276977539062
1556539200.0,0.411865234375,3.0286636352539062
1556560800.0,0.1904296875,3.3279800415039062
1556582400.0,0.505615234375,3.2161636352539062
1556604000.0,0.598876953125,3.9134292602539062
1556625600.0,0.637451171875,4.538429260253906
1556647200.0,0.268310546875,5.075538635253906
1556668800.0,0.17333984375,5.119483947753906
1556690400.0,0.017822265625,5.099464416503906
1556712000.0,2.538132108865143e-16,5.211769104003906
1556733600.0,2.551983215135119e-16,5.527687072753906
1556755200.0,0.23681640625,2.7356948852539062
1556776800.0,0.209228515625,3.2376480102539062
1556798400.0,0.19775390625,3.0047378540039062
1556820000.0,0.26806640625,2.8694839477539062
1556841600.0,0.152099609375,3.2039566040039062
1556863200.0,0.025390625,3.2283706665039062
1556884800.0,0.19482421875,3.0306167602539062
1556906400.0,1.189697265625,4.371925354003906
1556928000.0,0.822021484375,5.208351135253906
1556949600.0,0.9052734375,4.591651916503906
1556971200.0,0.779296875,4.614112854003906
1556992800.0,1.0,4.724464416503906
1557014400.0,0.656005859375,4.807472229003906
1557036000.0,0.552490234375,4.201515197753906
1557057600.0,0.5986328125,4.107276916503906
1557079200.0,0.7568359375,4.238136291503906
1557100800.0,0.746337890625,4.605812072753906
1557122400.0,0.532958984375,4.528175354003906
1557144000.0,0.31005859375,4.202491760253906
1557165600.0,0.119873046875,4.006202697753906
1557187200.0,2.547227125136286e-16,3.7547378540039062
1557208800.0,0.072509765625,3.1717300415039062
1557230400.0,0.134765625,2.4334487915039062
1557252000.0,0.18603515625,2.6375503540039062
1557273600.0,0.61572265625,3.5223159790039062
1557295200.0,0.939697265625,4.655128479003906
1557316800.0,1.08203125,4.900733947753906
1557338400.0,0.89599609375,4.691261291503906
1557360000.0,0.886474609375,4.768409729003906
1557381600.0,0.759521484375,4.695167541503906
1557403200.0,0.169677734375,4.566749572753906
1557424800.0,2.5495458778293945e-16,10.507179260253906
1557446400.0,0.18603515625,10.171241760253906
1557468000.0,0.321044921875,9.822120666503906
1557489600.0,0.34423828125,3.5564956665039062
1557511200.0,2.5500456272682746e-16,8.921730041503906
1557532800.0,0.138427734375,8.390968322753906
1557554400.0,0.607177734375,3.2820816040039062
1557576000.0,0.77099609375,4.300636291503906
1557597600.0,0.62060546875,4.196144104003906
1557619200.0,0.4609375,4.219093322753906
1557640800.0,0.082763671875,4.097023010253906
1557662400.0,0.0087890625,3.9646987915039062
1557684000.0,0.140380859375,2.4212417602539062
1557705600.0,0.17529296875,2.6731948852539062
1557727200.0,0.248291015625,2.7625503540039062
1557748800.0,0.41796875,3.3196792602539062
1557770400.0,0.110595703125,3.8636245727539062
1557792000.0,0.078125,4.035987854003906
1557813600.0,2.5512293558120624e-16,5.346046447753906
1557835200.0,0.270751953125,2.6561050415039062
1557856800.0,2.550162094298522e-16,3.0921401977539062
1557878400.0,0.07958984375,2.4173355102539062
1557900000.0,0.22509765625,2.6429214477539062
1557921600.0,0.271728515625,2.9017105102539062
1557943200.0,2.5524956700682076e-16,3.0198745727539062
1557964800.0,0.096923828125,2.4358901977539062
1557986400.0,0.59912109375,3.5525894165039062
1558008000.0,0.713134765625,4.410987854003906
1558029600.0,0.08154296875,4.544288635253906
1558051200.0,0.82275390625,4.334327697753906
1558072800.0,0.455078125,3.5296401977539062
1558094400.0,0.073974609375,3.8797378540039062
1558116000.0,0.433837890625,3.2645034790039062
1558137600.0,0.333984375,3.2640151977539062
1558159200.0,0.102294921875,3.5745620727539062
1558180800.0,0.048095703125,3.4329605102539062
1558202400.0,0.018310546875,2.9764175415039062
1558224000.0,0.303955078125,2.6800308227539062
1558245600.0,0.2353515625,3.2107925415039062
1558267200.0,0.042724609375,3.1712417602539062
1558288800.0,2.549992687709071e-16,3.0145034790039062
1558310400.0,0.105712890625,2.3616714477539062
1558332000.0,0.19921875,2.5247573852539062
1558353600.0,0.259765625,2.7215347290039062
1558375200.0,0.276611328125,2.9891128540039062
1558396800.0,0.373046875,3.2737808227539062
1558418400.0,0.401123046875,3.5413589477539062
1558440000.0,0.0966796875,3.5730972290039062
1558461600.0,0.074462890625,3.4734878540039062
1558483200.0,0.095458984375,3.0086441040039062
1558504800.0,0.15380859375,2.7674331665039062
1558526400.0,0.175537109375,2.9417495727539062
1558548000.0,2.542049636246194e-16,3.1546401977539062
1558569600.0,2.5449613120023806e-16,3.2313003540039062
1558591200.0,2.550162094298522e-16,6.180519104003906
1558612800.0,2.548868251471591e-16,6.108253479003906
1558634400.0,0.031494140625,6.041847229003906
1558656000.0,0.165283203125,2.5267105102539062
1558677600.0,0.287841796875,3.0350112915039062
1558699200.0,0.103271484375,3.3689956665039062
1558720800.0,0.104248046875,3.6751480102539062
1558742400.0,0.3291015625,2.9466323852539062
1558764000.0,0.060546875,3.3104019165039062
1558785600.0,0.244384765625,2.6668472290039062
1558807200.0,0.515869140625,3.5550308227539062
1558828800.0,0.671630859375,3.9539566040039062
1558850400.0,0.769775390625,4.358253479003906
1558872000.0,0.676025390625,4.638526916503906
1558893600.0,0.703125,4.315284729003906
1558915200.0,0.979248046875,4.689308166503906
1558936800.0,0.763671875,4.802589416503906
1558958400.0,0.181640625,4.907569885253906
1558980000.0,0.1025390625,4.627296447753906
1559001600.0,0.27490234375,2.7059097290039062
1559023200.0,0.9111328125,3.9603042602539062
1559044800.0,0.95703125,4.902687072753906
1559066400.0,0.4765625,4.756690979003906
1559088000.0,2.5430216065531683e-16,4.518409729003906
1559109600.0,0.3564453125,3.1409683227539062
1559131200.0,0.8111572265625,4.313819885253906
1559152800.0,0.2060546875,5.275733947753906
1559174400.0,1.08544921875,5.088722229003906
1559196000.0,1.0006103515625,5.388038635253906
1559217600.0,0.750244140625,5.273292541503906
1559239200.0,0.5623779296875,5.242042541503906
1559260800.0,0.201904296875,5.827491760253906
1559282400.0,0.57080078125,5.806495666503906
1559304000.0,1.248046875,5.273780822753906
1559325600.0,1.707763671875,6.298194885253906
1559347200.0,0.174072265625,6.743507385253906
1559368800.0,0.1439208984375,6.256446838378906
1559390400.0,0.2034912109375,6.013526916503906
1559412000.0,0.2725830078125,3.6670913696289062
1559433600.0,0.6495361328125,3.4095230102539062
1559455200.0,1.45068359375,5.083595275878906
1559476800.0,1.35986328125,6.003761291503906
1559498400.0,1.9039306640625,6.365577697753906
1559520000.0,1.937255859375,6.847023010253906
1559541600.0,1.44873046875,6.283546447753906
1559563200.0,1.153076171875,5.783546447753906
1559584800.0,0.68896484375,5.516944885253906
1559606400.0,0.195556640625,5.601417541503906
1559628000.0,2.5513394700952055e-16,5.479103088378906
1559649600.0,0.185546875,5.369972229003906
1559671200.0,0.13232421875,4.927589416503906
1559692800.0,0.102783203125,5.135597229003906
1559714400.0,2.547493940514671e-16,5.386085510253906
1559736000.0,2.5430216065531683e-16,5.522315979003906
1559757600.0,0.066162109375,5.494972229003906
1559779200.0,0.2099609375,4.278175354003906
1559800800.0,0.451171875,3.5735855102539062
1559822400.0,0.566162109375,3.7313003540039062
1559844000.0,0.747314453125,4.310890197753906
1559865600.0,0.477783203125,4.654884338378906
1559887200.0,0.101806640625,4.529884338378906
1559908800.0,0.140625,4.254737854003906
1559930400.0,0.13427734375,2.5213394165039062
1559952000.0,0.25634765625,2.8372573852539062
1559973600.0,0.52001953125,3.9031753540039062
1559995200.0,0.220947265625,3.7244644165039062
1560016800.0,0.07861328125,3.5062026977539062
1560038400.0,0.275390625,3.4065933227539062
1560060000.0,0.536376953125,3.9993667602539062
1560081600.0,0.393798828125,4.204933166503906
1560103200.0,0.383056640625,3.9188003540039062
1560124800.0,2.526186826726489e-16,3.9329605102539062
1560146400.0,0.04052734375,3.9378433227539062
1560168000.0,0.08056640625,3.9466323852539062
1560189600.0,0.78076171875,3.6165542602539062
1560211200.0,0.525634765625,4.343116760253906
1560232800.0,0.449951171875,3.9109878540039062
1560254400.0,0.2685546875,4.003273010253906
1560276000.0,0.48193359375,3.4197769165039062
1560297600.0,0.392822265625,3.7078628540039062
1560319200.0,0.782470703125,4.176612854003906
1560340800.0,0.9208984375,4.913429260253906
1560362400.0,0.767333984375,4.648292541503906
1560384000.0,0.82080078125,4.653663635253906
1560405600.0,1.03564453125,4.807472229003906
1560427200.0,0.5654296875,4.884620666503906
1560448800.0,0.3369140625,3.8006362915039062
1560470400.0,0.19970703125,3.9075698852539062
1560492000.0,0.143798828125,2.6888198852539062
1560513600.0,0.285888671875,2.7029800415039062
1560535200.0,0.923095703125,4.389503479003906
1560556800.0,0.679931640625,5.215675354003906
1560578400.0,0.5078125,5.014015197753906
1560600000.0,0.918701171875,5.522804260253906
1560621600.0,0.53857421875,5.515968322753906
1560643200.0,0.14404296875,4.843605041503906
1560664800.0,0.30419921875,4.715187072753906
1560686400.0,0.28857421875,4.465187072753906
1560708000.0,0.95947265625,4.714698791503906
1560729600.0,1.09912109375,6.251319885253906
1560751200.0,0.80029296875,6.385108947753906
1560772800.0,1.37451171875,5.406105041503906
1560794400.0,0.88037109375,5.958839416503906
1560816000.0,0.3056640625,5.829444885253906
1560837600.0,0.3623046875,5.611183166503906
1560859200.0,0.19140625,5.274269104003906
1560880800.0,0.333251953125,3.3470230102539062
1560902400.0,2.539104079172117e-16,3.6688003540039062
1560924000.0,2.5502933844053464e-16,3.6966323852539062
1560945600.0,0.08935546875,2.3904800415039062
1560967200.0,0.29638671875,2.7303237915039062
1560988800.0,0.3583984375,3.5354995727539062
1561010400.0,0.544189453125,3.6395034790039062
1561032000.0,0.242431640625,4.192237854003906
1561053600.0,2.539104079172117e-16,4.133155822753906
1561075200.0,0.083740234375,4.047706604003906
1561096800.0,0.457275390625,3.2928237915039062
1561118400.0,2.548055099842227e-16,3.8743667602539062
1561140000.0,0.060302734375,3.9490737915039062
1561161600.0,0.17822265625,3.3611831665039062
1561183200.0,0.2939453125,3.1731948852539062
1561204800.0,0.114013671875,3.3616714477539062
1561226400.0,0.064697265625,3.3641128540039062
1561248000.0,0.170654296875,2.5657730102539062
1561269600.0,0.38525390625,2.9729995727539062
1561291200.0,0.697509765625,4.198585510253906
1561312800.0,0.409423828125,4.221046447753906
1561334400.0,0.78369140625,4.224464416503906
1561356000.0,0.610595703125,4.243507385253906
1561377600.0,2.523296326793984e-16,8.801124572753906
1561399200.0,0.09716796875,8.622413635253906
1561420800.0,0.09375,8.459815979003906
1561442400.0,0.043701171875,8.338233947753906
1561464000.0,0.12255859375,8.222023010253906
1561485600.0,0.030029296875,8.090187072753906
1561507200.0,0.279296875,2.9959487915039062
1561528800.0,0.29296875,3.4446792602539062
1561550400.0,0.057861328125,3.4490737915039062
1561572000.0,0.29931640625,2.6473159790039062
1561593600.0,0.184814453125,3.2562026977539062
1561615200.0,2.5430216065531683e-16,3.3074722290039062
1561636800.0,0.00830078125,3.7835464477539062
1561658400.0,0.00244140625,4.018409729003906
1561680000.0,0.703369140625,4.005714416503906
1561701600.0,0.8642578125,4.993507385253906
1561723200.0,0.956298828125,5.323097229003906
1561744800.0,0.63623046875,4.769386291503906
1561766400.0,0.26513671875,4.447608947753906
1561788000.0,0.093017578125,4.320655822753906
1561809600.0,2.537026730868976e-16,4.151710510253906
1561831200.0,0.075439453125,2.3919448852539062
1561852800.0,0.453369140625,3.3387222290039062
1561874400.0,0.67578125,4.259132385253906
1561896000.0,0.780517578125,4.707374572753906
1561917600.0,0.460693359375,5.118019104003906
1561939200.0,0.820556640625,4.581398010253906
1561960800.0,0.974853515625,4.965675354003906
1561982400.0,0.990234375,4.715187072753906
1562004000.0,0.945556640625,5.118995666503906
1562025600.0,0.261962890625,4.982765197753906
1562047200.0,0.454345703125,3.3333511352539062
1562068800.0,0.3583984375,3.8646011352539062
1562090400.0,0.5712890625,3.6629409790039062
1562112000.0,0.7099609375,4.255226135253906
1562133600.0,0.51806640625,4.213722229003906
1562155200.0,0.335693359375,3.8465347290039062
1562176800.0,0.3876953125,3.3880386352539062
1562198400.0,0.25341796875,3.4256362915039062
1562220000.0,2.552576138198197e-16,3.2005386352539062
1562241600.0,0.1796875,2.6487808227539062
1562263200.0,0.034423828125,3.0096206665039062
1562284800.0,0.08837890625,2.9852066040039062
1562306400.0,0.209716796875,2.7269058227539062
1562328000.0,0.115966796875,2.7205581665039062
1562349600.0,0.0390625,2.8973159790039062
1562371200.0,0.2578125,2.7522964477539062
1562392800.0,0.39306640625,3.0726089477539062
1562414400.0,0.49658203125,3.6326675415039062
1562436000.0,0.552734375,3.7645034790039062
1562457600.0,0.5595703125,4.035011291503906
1562479200.0,0.275390625,3.8948745727539062
1562500800.0,0.232177734375,3.7952651977539062
1562522400.0,0.374755859375,3.1795425415039062
1562544000.0,0.018798828125,3.3538589477539062
1562565600.0,0.07470703125,3.2068862915039062
1562587200.0,0.019775390625,3.2723159790039062
1562608800.0,2.5430216065531683e-16,3.4520034790039062
1562630400.0,0.1483154296875,2.4661636352539062
1562652000.0,0.17041015625,2.6238784790039062
1562673600.0,0.09375,2.6370620727539062
1562695200.0,0.2607421875,2.6863784790039062
1562716800.0,0.09375,3.2269058227539062
1562738400.0,2.539104079172117e-16,3.3167495727539062
1562760000.0,0.204345703125,2.6717300415039062
1562781600.0,0.287109375,3.2781753540039062
1562803200.0,0.171630859375,3.9119644165039062
1562824800.0,0.30712890625,3.7737808227539062
1562846400.0,0.13671875,3.9622573852539062
1562868000.0,0.0361328125,4.081398010253906
1562889600.0,0.14306640625,4.255226135253906
1562911200.0,0.43212890625,3.0042495727539062
1562932800.0,0.36865234375,3.6141128540039062
1562954400.0,0.54638671875,3.4749526977539062
1562976000.0,0.65673828125,3.9476089477539062
1562997600.0,0.7548828125,4.254249572753906
1563019200.0,0.831787109375,4.369483947753906
1563040800.0,0.960205078125,4.632179260253906
1563062400.0,0.91162109375,4.693214416503906
1563084000.0,0.684814453125,4.573097229003906
1563105600.0,2.5355211298052314e-16,4.313331604003906
1563127200.0,2.552842953576582e-16,4.143409729003906
1563148800.0,0.0322265625,3.9344253540039062
1563170400.0,0.108154296875,2.4529800415039062
1563192000.0,0.2021484375,2.6702651977539062
1563213600.0,0.225341796875,2.9871597290039062
1563235200.0,0.061279296875,3.5442886352539062
1563256800.0,0.08935546875,3.5916519165039062
1563278400.0,0.04541015625,3.4432144165039062
1563300000.0,0.269775390625,3.0677261352539062
1563321600.0,0.271240234375,3.6575698852539062
1563343200.0,0.300537109375,3.9236831665039062
1563364800.0,0.652099609375,3.8343276977539062
1563386400.0,1.156494140625,5.280128479003906
1563408000.0,0.2890625,5.719581604003906
1563429600.0,0.354248046875,5.535011291503906
1563451200.0,0.31982421875,4.269386291503906
1563472800.0,0.196044921875,4.056983947753906
1563494400.0,0.01513671875,4.670753479003906
1563516000.0,2.5524956700682076e-16,5.050636291503906
1563537600.0,0.34423828125,3.0286636352539062
1563559200.0,0.436767578125,4.650733947753906
1563580800.0,0.51171875,5.963233947753906
1563602400.0,0.347412109375,6.215675354003906
1563624000.0,0.928955078125,4.379249572753906
1563645600.0,2.5430216065531683e-16,4.779151916503906
1563667200.0,0.185302734375,6.143409729003906
1563688800.0,0.234619140625,3.1453628540039062
1563710400.0,0.80615234375,3.6746597290039062
1563732000.0,2.1005859375,6.270851135253906
1563753600.0,2.2431640625,7.205909729003906
1563775200.0,1.322509765625,6.886573791503906
1563796800.0,1.14794921875,6.336280822753906
1563818400.0,1.478759765625,6.276710510253906
1563840000.0,1.1904296875,6.345069885253906
1563861600.0,0.937255859375,6.031105041503906
1563883200.0,0.806396484375,5.293800354003906
1563904800.0,0.125,5.247413635253906
1563926400.0,0.150634765625,5.172706604003906
1563948000.0,0.53369140625,4.006202697753906
1563969600.0,0.528076171875,4.736671447753906
1563991200.0,0.53662109375,4.630226135253906
1564012800.0,0.670166015625,4.573585510253906
1564034400.0,0.53857421875,3.6927261352539062
1564056000.0,0.551513671875,4.039405822753906
1564077600.0,0.517578125,5.052589416503906
1564099200.0,0.865966796875,5.190284729003906
1564120800.0,1.120849609375,5.270362854003906
1564142400.0,0.962158203125,5.650245666503906
1564164000.0,0.584228515625,5.658546447753906
1564185600.0,2.539728765970717e-16,5.630714416503906
1564207200.0,0.0087890625,5.717140197753906
1564228800.0,0.314697265625,6.148292541503906
1564250400.0,0.6953125,3.8616714477539062
1564272000.0,0.754638671875,4.332374572753906
1564293600.0,0.816162109375,4.347999572753906
1564315200.0,0.979736328125,4.732276916503906
1564336800.0,0.760986328125,4.666358947753906
1564358400.0,0.45947265625,4.390480041503906
1564380000.0,0.2646484375,3.8016128540039062
1564401600.0,2.5296596618102317e-16,3.3719253540039062
1564423200.0,2.5430216065531683e-16,2.7220230102539062
1564444800.0,0.033447265625,11.203468322753906
1564466400.0,0.25244140625,10.044776916503906
1564488000.0,0.211181640625,10.081886291503906
1564509600.0,0.527587890625,3.3206558227539062
1564531200.0,1.1416015625,4.475440979003906
1564552800.0,0.96533203125,4.876808166503906
1564574400.0,1.062255859375,4.766456604003906
1564596000.0,0.954833984375,4.784034729003906
1564617600.0,0.640380859375,4.577003479003906
1564639200.0,0.510986328125,4.031105041503906
1564660800.0,0.2236328125,3.8641128540039062
1564682400.0,0.254150390625,2.8396987915039062
1564704000.0,0.03125,3.0281753540039062
1564725600.0,0.146728515625,2.4646987915039062
1564747200.0,0.00341796875,2.6287612915039062
1564768800.0,2.5512293558120624e-16,2.6248550415039062
1564790400.0,0.056884765625,1.9622573852539062
1564812000.0,0.19921875,2.5555191040039062
1564833600.0,0.219482421875,3.0745620727539062
1564855200.0,0.084228515625,3.2923355102539062
1564876800.0,0.290771484375,2.7464370727539062
1564898400.0,0.2236328125,3.1434097290039062
1564920000.0,0.294677734375,3.3299331665039062
1564941600.0,0.487060546875,3.4793472290039062
1564963200.0,0.465087890625,4.842140197753906
1564984800.0,0.647705078125,4.814796447753906
1565006400.0,0.600341796875,4.792335510253906
1565028000.0,0.92236328125,4.739112854003906
1565049600.0,0.747802734375,5.637062072753906
1565071200.0,0.45947265625,5.779151916503906
1565092800.0,0.32275390625,5.778175354003906
1565114400.0,0.302734375,5.729347229003906
1565136000.0,0.11474609375,6.056495666503906
1565157600.0,0.33447265625,6.146339416503906
1565179200.0,0.2177734375,6.106788635253906
1565200800.0,0.14404296875,6.070655822753906
1565222400.0,0.158447265625,4.102394104003906
1565244000.0,0.216552734375,3.1199722290039062
1565265600.0,2.539104079172117e-16,5.375343322753906
1565287200.0,0.142822265625,5.563331604003906
1565308800.0,0.987548828125,3.9661636352539062
1565330400.0,2.044189453125,5.827980041503906
1565352000.0,0.502685546875,5.812355041503906
1565373600.0,1.04150390625,5.675636291503906
1565395200.0,1.07763671875,6.478858947753906
1565416800.0,0.312744140625,6.478370666503906
1565438400.0,0.188232421875,6.513038635253906
1565460000.0,0.169677734375,6.550636291503906
1565481600.0,0.547607421875,7.975929260253906
1565503200.0,0.98193359375,4.755226135253906
1565524800.0,1.136474609375,5.173194885253906
1565546400.0,1.28125,5.256690979003906
1565568000.0,1.01123046875,5.200050354003906
1565589600.0,0.5478515625,4.833351135253906
1565611200.0,0.1295166015625,4.314796447753906
1565632800.0,0.2080078125,3.0677261352539062
1565654400.0,0.197021484375,3.4778823852539062
1565676000.0,0.433837890625,3.2488784790039062
1565697600.0,0.22314453125,3.5594253540039062
1565719200.0,0.276611328125,3.2752456665039062
1565740800.0,0.4052734375,3.9134292602539062
1565762400.0,0.265625,3.9773941040039062
1565784000.0,0.38232421875,4.317726135253906
1565805600.0,0.18798828125,5.120948791503906
1565827200.0,0.639892578125,4.006202697753906
1565848800.0,1.306640625,4.776710510253906
1565870400.0,0.6162109375,5.606788635253906
1565892000.0,0.205322265625,5.626319885253906
1565913600.0,0.693359375,4.160499572753906
1565935200.0,1.81298828125,5.677101135253906
1565956800.0,2.085693359375,7.154151916503906
1565978400.0,0.6103515625,7.115089416503906
1566000000.0,1.02734375,7.362159729003906
1566021600.0,0.915283203125,6.103858947753906
1566043200.0,1.181396484375,5.468605041503906
1566064800.0,1.095458984375,5.636085510253906
1566086400.0,1.304443359375,5.507179260253906
1566108000.0,1.515625,5.661964416503906
1566129600.0,1.33984375,5.990089416503906
1566151200.0,0.53662109375,6.055519104003906
1566172800.0,0.828857421875,4.364601135253906
1566194400.0,0.850830078125,4.687355041503906
1566216000.0,0.7275390625,4.751319885253906
1566237600.0,0.570068359375,4.266944885253906
1566259200.0,0.723388671875,4.122413635253906
1566280800.0,0.7998046875,4.396339416503906
1566302400.0,0.26806640625,4.688331604003906
1566324000.0,0.536376953125,3.9920425415039062
1566345600.0,0.20361328125,4.354347229003906
1566367200.0,0.38818359375,4.220069885253906
1566388800.0,1.19482421875,4.741554260253906
1566410400.0,2.0185546875,6.305519104003906
1566432000.0,0.694091796875,7.264991760253906
1566453600.0,0.636474609375,6.845558166503906
1566475200.0,0.947509765625,6.092628479003906
1566496800.0,1.0107421875,5.626319885253906
1566518400.0,0.789794921875,5.771827697753906
1566540000.0,0.55859375,5.550148010253906
1566561600.0,0.8095703125,4.736671447753906
1566583200.0,0.97021484375,4.808937072753906
1566604800.0,0.695068359375,4.864601135253906
1566626400.0,0.2503662109375,4.602394104003906
1566648000.0,0.275390625,4.112159729003906
1566669600.0,0.139404296875,3.7444839477539062
1566691200.0,0.351806640625,2.9368667602539062
1566712800.0,0.048583984375,3.2684097290039062
1566734400.0,0.1083984375,2.4773941040039062
1566756000.0,0.3037109375,2.8987808227539062
1566777600.0,2.5355380704641765e-16,3.2854995727539062
1566799200.0,0.015625,3.2869644165039062
1566820800.0,0.050537109375,2.2112808227539062
1566842400.0,0.218505859375,2.6834487915039062
1566864000.0,0.134765625,2.5140151977539062
1566885600.0,0.244140625,2.9007339477539062
1566907200.0,0.246826171875,3.4827651977539062
1566928800.0,0.523681640625,3.5872573852539062
1566950400.0,0.90966796875,4.677101135253906
1566972000.0,1.328125,5.546241760253906
1566993600.0,0.6630859375,5.684913635253906
1567015200.0,0.3037109375,5.554542541503906
1567036800.0,0.52294921875,4.237159729003906
1567058400.0,0.78369140625,4.287452697753906
1567080000.0,1.5537109375,5.560890197753906
1567101600.0,1.27001953125,6.319679260253906
1567123200.0,1.147216796875,6.766456604003906
1567144800.0,1.866943359375,6.279151916503906
1567166400.0,1.860107421875,6.834815979003906
1567188000.0,2.025390625,6.902198791503906
1567209600.0,2.14501953125,6.925636291503906
1567231200.0,2.926513671875,7.511085510253906
1567252800.0,0.979248046875,7.592140197753906
1567274400.0,0.75537109375,7.346046447753906
1567296000.0,0.891845703125,4.389991760253906
1567317600.0,1.041015625,4.781105041503906
1567339200.0,0.891845703125,5.026710510253906
1567360800.0,0.144775390625,4.710304260253906
1567382400.0,0.5322265625,3.5540542602539062
1567404000.0,0.653076171875,4.184913635253906
1567425600.0,1.085693359375,4.706398010253906
1567447200.0,1.0751953125,5.227394104003906
1567468800.0,0.83203125,5.140480041503906
1567490400.0,0.773193359375,4.718116760253906
1567512000.0,0.90771484375,4.873878479003906
1567533600.0,0.597412109375,5.257179260253906
1567555200.0,0.464111328125,5.778175354003906
1567576800.0,0.88671875,4.228370666503906
1567598400.0,1.761962890625,5.643409729003906
1567620000.0,2.7900390625,6.577003479003906
1567641600.0,2.276123046875,6.991065979003906
1567663200.0,1.12646484375,6.358253479003906
1567684800.0,0.864501953125,4.776710510253906
1567706400.0,0.34912109375,4.549659729003906
1567728000.0,1.13232421875,4.605812072753906
1567749600.0,1.295166015625,5.690284729003906
1567771200.0,0.864990234375,5.713722229003906
1567792800.0,1.013916015625,4.787452697753906
1567814400.0,0.845703125,4.813819885253906
1567836000.0,0.7646484375,4.622901916503906
1567857600.0,0.34375,4.577980041503906
1567879200.0,0.249267578125,3.5428237915039062
1567900800.0,2.533608952926805e-16,3.3064956665039062
1567922400.0,2.55072113604371e-16,3.1585464477539062
1567944000.0,0.2421875,2.5472183227539062
1567965600.0,0.5302734375,3.5545425415039062
1567987200.0,0.5888671875,4.303077697753906
1568008800.0,2.539104079172117e-16,4.356300354003906
1568030400.0,0.713134765625,3.3587417602539062
1568052000.0,1.162109375,4.841163635253906
1568073600.0,1.051025390625,5.149757385253906
1568095200.0,0.5810546875,4.973487854003906
1568116800.0,0.238525390625,4.619972229003906
1568138400.0,1.04052734375,3.9935073852539062
1568160000.0,1.475830078125,5.738624572753906
1568181600.0,0.807373046875,6.233253479003906
1568203200.0,0.83544921875,6.152687072753906
1568224800.0,0.37548828125,6.065773010253906
1568246400.0,0.391845703125,6.099464416503906
1568268000.0,0.58642578125,3.8924331665039062
1568289600.0,0.800048828125,4.971046447753906
1568311200.0,1.03466796875,4.378273010253906
1568332800.0,0.656494140625,4.740089416503906
1568354400.0,0.43359375,4.497413635253906
1568376000.0,0.20068359375,6.023292541503906
1568397600.0,0.03662109375,6.013038635253906
1568419200.0,0.349853515625,2.9271011352539062
1568440800.0,0.559814453125,3.2903823852539062
1568462400.0,0.865478515625,4.273292541503906
1568484000.0,1.15087890625,4.864112854003906
1568505600.0,0.870849609375,5.269386291503906
1568527200.0,0.5966796875,5.132179260253906
1568548800.0,0.17041015625,4.768898010253906
1568570400.0,0.028076171875,4.649269104003906
1568592000.0,0.075927734375,12.369483947753906
1568613600.0,0.1552734375,11.938331604003906
1568635200.0,0.25048828125,2.6302261352539062
1568656800.0,0.535888671875,3.5198745727539062
1568678400.0,0.7099609375,3.9739761352539062
1568700000.0,0.681396484375,4.395851135253906
1568721600.0,0.5009765625,4.271827697753906
1568743200.0,0.40478515625,3.9192886352539062
1568764800.0,0.03662109375,3.8655776977539062
1568786400.0,2.5527709557760653e-16,3.7474136352539062
1568808000.0,0.074951171875,2.3934097290039062
1568829600.0,2.5533850546628246e-16,2.3631362915039062
1568851200.0,0.00341796875,2.2732925415039062
1568872800.0,0.02587890625,9.923194885253906
1568894400.0,0.068115234375,2.2371597290039062
1568916000.0,0.071044921875,2.2923355102539062
1568937600.0,0.04248046875,2.2396011352539062
1568959200.0,0.304931640625,2.6756362915039062
1568980800.0,0.5396728515625,3.4788589477539062
1569002400.0,0.82666015625,4.254737854003906
1569024000.0,1.33837890625,4.868019104003906
1569045600.0,1.452392578125,5.579933166503906
1569067200.0,1.544921875,5.750831604003906
1569088800.0,0.97412109375,5.674171447753906
1569110400.0,0.993896484375,5.061866760253906
1569132000.0,0.7958984375,4.743019104003906
1569153600.0,0.68115234375,5.080909729003906
1569175200.0,0.056396484375,4.819679260253906
1569196800.0,0.25146484375,4.450050354003906
1569218400.0,0.6513671875,4.257667541503906
1569240000.0,0.654296875,4.529151916503906
1569261600.0,1.2958984375,4.702491760253906
1569283200.0,0.742431640625,6.244972229003906
1569304800.0,0.455810546875,6.188819885253906
1569326400.0,0.0654296875,6.106788635253906
1569348000.0,0.0234375,9.670265197753906
1569369600.0,0.005859375,5.839210510253906
1569391200.0,0.067626953125,6.153175354003906
1569412800.0,0.1259765625,8.393409729003906
1569434400.0,0.4306640625,8.326515197753906
1569456000.0,1.168701171875,5.097023010253906
1569477600.0,0.867919921875,5.683937072753906
1569499200.0,1.051513671875,5.424171447753906
1569520800.0,1.13134765625,5.743019104003906
1569542400.0,1.155517578125,6.182472229003906
1569564000.0,0.42236328125,6.321144104003906
1569585600.0,0.43212890625,6.161476135253906
1569607200.0,0.589111328125,6.397804260253906
1569628800.0,0.8408203125,5.270362854003906
1569650400.0,0.645751953125,6.241065979003906
1569672000.0,0.176025390625,6.463233947753906
1569693600.0,0.0859375,6.493507385253906
1569715200.0,0.35009765625,6.174659729003906
1569736800.0,0.832763671875,4.024269104003906
1569758400.0,0.746337890625,4.789405822753906
1569780000.0,0.581787109375,4.329444885253906
1569801600.0,0.390625,9.106300354003906
1569823200.0,0.10107421875,9.083839416503906
1569844800.0,0.05615234375,8.939308166503906
1569866400.0,0.607177734375,3.2962417602539062
1569888000.0,1.682861328125,5.368019104003906
1569909600.0,2.407958984375,6.422950744628906
1569931200.0,1.84423828125,6.867286682128906
1569952800.0,0.80859375,5.514503479003906
1569974400.0,0.561767578125,4.264503479003906
1569996000.0,0.839111328125,4.540382385253906
1570017600.0,0.58544921875,4.542823791503906
1570039200.0,0.248779296875,4.213233947753906
1570060800.0,0.02685546875,3.9993667602539062
1570082400.0,0.3658447265625,2.8021011352539062
1570104000.0,1.490234375,4.820655822753906
1570125600.0,2.36572265625,6.263526916503906
1570147200.0,0.57568359375,7.256202697753906
1570168800.0,1.1103515625,6.249366760253906
1570190400.0,0.73779296875,6.867042541503906
1570212000.0,0.61474609375,7.583839416503906
1570233600.0,0.630126953125,3.9847183227539062
1570255200.0,0.854736328125,4.347023010253906
1570276800.0,1.230224609375,4.797706604003906
1570298400.0,1.22998046875,5.124366760253906
1570320000.0,1.19482421875,5.368019104003906
1570341600.0,1.112548828125,4.766456604003906
1570363200.0,1.31103515625,5.217140197753906
1570384800.0,0.193603515625,5.182472229003906
1570406400.0,0.56298828125,3.1121597290039062
1570428000.0,2.464111328125,5.803077697753906
1570449600.0,1.143310546875,7.531593322753906
1570471200.0,1.070556640625,7.487159729003906
1570492800.0,1.36865234375,5.379737854003906
1570514400.0,1.764404296875,6.181983947753906
1570536000.0,1.700927734375,6.251319885253906
1570557600.0,1.77685546875,6.305030822753906
1570579200.0,1.68310546875,6.377296447753906
1570600800.0,1.619384765625,6.198097229003906
1570622400.0,1.414306640625,5.952491760253906
1570644000.0,1.25244140625,5.581886291503906
1570665600.0,1.619384765625,5.708839416503906
1570687200.0,1.43408203125,5.952980041503906
1570708800.0,1.342529296875,5.630714416503906
1570730400.0,1.385009765625,6.271827697753906
1570752000.0,1.744384765625,6.611183166503906
1570773600.0,1.28564453125,6.596046447753906
1570795200.0,1.044677734375,5.385108947753906
1570816800.0,1.13037109375,5.235694885253906
1570838400.0,1.15185546875,5.345069885253906
1570860000.0,0.72216796875,5.247413635253906
1570881600.0,0.5029296875,4.378761291503906
1570903200.0,0.35546875,4.177101135253906
1570924800.0,0.200927734375,4.604347229003906
1570946400.0,0.178955078125,5.001319885253906
1570968000.0,0.15087890625,5.151222229003906
1570989600.0,0.2984619140625,2.9012222290039062
1571011200.0,0.31201171875,3.1712417602539062
1571032800.0,0.1510009765625,6.029151916503906
1571054400.0,0.59228515625,3.6214370727539062
1571076000.0,0.612548828125,4.326026916503906
1571097600.0,0.11962890625,4.359718322753906
1571119200.0,0.23095703125,7.567237854003906
1571140800.0,0.375244140625,7.739112854003906
1571162400.0,0.777099609375,3.9329605102539062
1571184000.0,1.256591796875,5.242530822753906
1571205600.0,0.32080078125,5.933937072753906
1571227200.0,0.6162109375,5.463233947753906
1571248800.0,0.512939453125,4.156593322753906
1571270400.0,0.61962890625,4.428077697753906
1571292000.0,1.42529296875,5.738624572753906
1571313600.0,1.905029296875,6.292335510253906
1571335200.0,1.748046875,6.695655822753906
1571356800.0,0.638671875,6.606788635253906
1571378400.0,0.338134765625,6.269874572753906
1571400000.0,0.205078125,5.604347229003906
1571421600.0,0.30322265625,8.348976135253906
1571443200.0,0.283447265625,8.534523010253906
1571464800.0,0.46484375,8.635108947753906
1571486400.0,1.025634765625,4.382179260253906
1571508000.0,0.805419921875,5.080421447753906
1571529600.0,0.7880859375,4.443702697753906
1571551200.0,1.04296875,4.697120666503906
1571572800.0,0.978271484375,5.137550354003906
1571594400.0,0.76806640625,4.640480041503906
1571616000.0,0.5438232421875,4.089210510253906
1571637600.0,0.2183837890625,3.8987808227539062
1571659200.0,2.5296596618102317e-16,3.7684097290039062
1571680800.0,0.187744140625,2.6097183227539062
1571702400.0,0.532470703125,3.2205581665039062
1571724000.0,0.823974609375,4.035499572753906
1571745600.0,0.949462890625,4.644386291503906
1571767200.0,1.085205078125,4.808448791503906
1571788800.0,1.18505859375,5.216163635253906
1571810400.0,1.333740234375,5.535011291503906
1571832000.0,1.626220703125,5.963233947753906
1571853600.0,2.074462890625,6.525245666503906
1571875200.0,1.279052734375,6.772804260253906
1571896800.0,0.690673828125,6.374855041503906
1571918400.0,0.6337890625,5.815284729003906
1571940000.0,0.517822265625,3.6443862915039062
1571961600.0,0.596923828125,4.064796447753906
1571983200.0,0.18603515625,4.426612854003906
1572004800.0,2.5430216065531683e-16,5.750831604003906
1572026400.0,0.143798828125,2.6453628540039062
1572048000.0,0.33984375,8.270851135253906
1572069600.0,0.280517578125,8.870948791503906
1572091200.0,0.634521484375,9.786964416503906
1572112800.0,1.3828125,4.773292541503906
1572134400.0,1.64013671875,5.758155822753906
1572156000.0,1.47509765625,5.748878479003906
1572177600.0,1.116943359375,5.515968322753906
1572199200.0,0.8486328125,5.086280822753906
1572220800.0,0.581298828125,4.528175354003906
1572242400.0,0.4775390625,4.117042541503906
1572264000.0,0.43359375,3.8260269165039062
1572285600.0,0.5556640625,3.6902847290039062
1572307200.0,0.709716796875,4.203468322753906
1572328800.0,0.9227294921875,4.603858947753906
1572350400.0,1.04248046875,5.029151916503906
1572372000.0,0.96533203125,4.784034729003906
1572393600.0,1.1884765625,5.210792541503906
1572415200.0,1.27783203125,5.318214416503906
1572436800.0,1.426513671875,5.633644104003906
1572458400.0,1.4722900390625,5.699562072753906
1572480000.0,1.616943359375,5.910011291503906
1572501600.0,1.4892578125,5.859718322753906
1572523200.0,1.5625,5.781105041503906
1572544800.0,1.24169921875,5.467140197753906
1572566400.0,1.10107421875,5.383644104003906
1572588000.0,1.21533203125,5.274757385253906
1572609600.0,0.500732421875,5.923194885253906
1572631200.0,0.335693359375,6.113624572753906
1572652800.0,1.053955078125,6.509620666503906
1572674400.0,0.30908203125,6.847023010253906
1572696000.0,0.021484375,7.785499572753906
1572717600.0,0.054931640625,10.801612854003906
1572739200.0,0.1494140625,8.505226135253906
1572760800.0,0.424072265625,8.194679260253906
1572782400.0,0.5888671875,3.6126480102539062
1572804000.0,0.120849609375,3.9271011352539062
1572825600.0,0.077880859375,3.8934097290039062
1572847200.0,0.619384765625,3.1636734008789062
1572868800.0,1.04443359375,4.484718322753906
1572890400.0,1.03955078125,4.806007385253906
1572912000.0,1.6767578125,5.732765197753906
1572933600.0,1.624267578125,6.044288635253906
1572955200.0,0.770751953125,5.588233947753906
1572976800.0,0.060791015625,4.788917541503906
1572998400.0,2.5355380704641765e-16,4.287452697753906
1573020000.0,0.0262451171875,9.055030822753906
1573041600.0,0.10302734375,2.5794448852539062
1573063200.0,0.08056640625,2.4710464477539062
1573084800.0,0.4996337890625,3.0101089477539062
1573106400.0,1.1754150390625,4.738624572753906
1573128000.0,1.303955078125,5.261573791503906
1573149600.0,1.447509765625,5.326026916503906
1573171200.0,1.5419921875,5.779640197753906
1573192800.0,1.184814453125,5.572120666503906
1573214400.0,0.3505859375,5.054054260253906
1573236000.0,0.04736328125,4.485694885253906
1573257600.0,0.28466796875,2.6517105102539062
1573279200.0,1.376708984375,4.745948791503906
1573300800.0,1.8448486328125,6.191749572753906
1573322400.0,1.0814208984375,6.224464416503906
1573344000.0,0.849609375,4.923683166503906
1573365600.0,0.777587890625,4.669776916503906
1573387200.0,0.226806640625,4.297706604003906
1573408800.0,0.832275390625,3.6351089477539062
1573430400.0,2.35595703125,6.480323791503906
1573452000.0,1.777587890625,6.116065979003906
1573473600.0,2.220703125,6.289405822753906
1573495200.0,2.153076171875,6.655128479003906
1573516800.0,2.4443359375,6.565773010253906
1573538400.0,2.679443359375,7.099952697753906
1573560000.0,2.141357421875,6.392433166503906
1573581600.0,1.739501953125,6.660987854003906
1573603200.0,0.98388671875,5.701515197753906
1573624800.0,0.391845703125,4.709327697753906
1573646400.0,0.29736328125,3.0193862915039062
1573668000.0,1.178466796875,4.624855041503906
1573689600.0,1.283935546875,5.334815979003906
1573711200.0,1.341796875,5.328956604003906
1573732800.0,1.388671875,5.639503479003906
1573754400.0,1.64501953125,5.716651916503906
1573776000.0,1.789306640625,6.107765197753906
1573797600.0,1.832275390625,6.200050354003906
1573819200.0,1.3856201171875,5.910011291503906
1573840800.0,1.06982421875,5.321144104003906
1573862400.0,0.795654296875,4.845558166503906
1573884000.0,0.6832275390625,4.647315979003906
1573905600.0,0.2830810546875,4.226417541503906
1573927200.0,0.313720703125,3.3548355102539062
1573948800.0,0.2159423828125,3.2615737915039062
1573970400.0,0.4459228515625,3.3929214477539062
1573992000.0,0.434326171875,3.6741714477539062
1574013600.0,0.557861328125,3.7747573852539062
1574035200.0,0.48876953125,3.9847183227539062
1574056800.0,0.192138671875,3.8748550415039062
1574078400.0,0.07666015625,3.7732925415039062
1574100000.0,0.120849609375,11.252296447753906
1574121600.0,0.296875,2.6536636352539062
1574143200.0,0.927490234375,4.079444885253906
1574164800.0,1.623291015625,5.333839416503906
1574186400.0,1.867431640625,6.250343322753906
1574208000.0,1.93896484375,6.374855041503906
1574229600.0,2.0341796875,6.294288635253906
1574251200.0,2.08935546875,6.621437072753906
1574272800.0,2.0126953125,6.444679260253906
1574294400.0,2.1171875,6.537940979003906
1574316000.0,2.076171875,6.729835510253906
1574337600.0,1.9140625,6.684425354003906
1574359200.0,1.66552734375,6.284523010253906
1574380800.0,1.609375,6.155128479003906
1574402400.0,1.535888671875,6.070167541503906
1574424000.0,1.156494140625,5.741065979003906
1574445600.0,1.052490234375,5.137550354003906
1574467200.0,1.3486328125,5.502296447753906
1574488800.0,1.114990234375,5.082374572753906
1574510400.0,1.2091064453125,5.203468322753906
1574532000.0,0.822265625,4.870460510253906
1574553600.0,0.097412109375,4.419288635253906
1574575200.0,2.548868251471591e-16,3.9988784790039062
1574596800.0,0.29541015625,2.7693862915039062
1574618400.0,0.51708984375,3.4402847290039062
1574640000.0,0.67578125,3.9080581665039062
1574661600.0,0.93701171875,4.443214416503906
1574683200.0,0.99169921875,5.046730041503906
1574704800.0,0.469482421875,4.987159729003906
1574726400.0,0.243408203125,4.771339416503906
1574748000.0,0.488037109375,3.9002456665039062
1574769600.0,1.358642578125,4.832374572753906
1574791200.0,1.382568359375,6.542823791503906
1574812800.0,0.757568359375,7.830909729003906
1574834400.0,0.58447265625,7.809425354003906
1574856000.0,0.335693359375,10.007179260253906
1574877600.0,0.2880859375,9.802589416503906
1574899200.0,0.4083251953125,3.2649917602539062
1574920800.0,0.6177978515625,3.6331558227539062
1574942400.0,0.7247314453125,4.273780822753906
1574964000.0,0.703125,4.435890197753906
1574985600.0,0.499755859375,4.259620666503906
1575007200.0,0.23779296875,3.7938003540039062
1575028800.0,0.05712890625,3.4847183227539062
1575050400.0,0.18408203125,2.6248550415039062
1575072000.0,0.51806640625,3.3377456665039062
1575093600.0,1.009033203125,4.637062072753906
1575115200.0,1.146728515625,5.217384338378906
1575136800.0,0.777587890625,5.159034729003906
1575158400.0,0.3876953125,5.047706604003906
1575180000.0,0.142578125,4.780128479003906
1575201600.0,0.410400390625,3.0486831665039062
1575223200.0,0.743408203125,4.205421447753906
1575244800.0,0.52587890625,4.259132385253906
1575266400.0,0.5068359375,3.6946792602539062
1575288000.0,0.556640625,3.8035659790039062
1575309600.0,0.70068359375,3.9007339477539062
1575331200.0,0.604736328125,4.208839416503906
1575352800.0,0.5941162109375,3.9290542602539062
1575374400.0,0.494873046875,3.8694839477539062
1575396000.0,0.93505859375,4.359718322753906
1575417600.0,1.28466796875,5.416114807128906
1575439200.0,1.597412109375,5.820899963378906
1575460800.0,1.504150390625,6.246437072753906
1575482400.0,0.841552734375,6.152198791503906
1575504000.0,1.28173828125,5.209815979003906
1575525600.0,1.43994140625,5.555763244628906
1575547200.0,2.53173828125,6.389991760253906
1575568800.0,2.55029296875,7.537452697753906
1575590400.0,1.233642578125,7.608741760253906
1575612000.0,1.26708984375,6.179054260253906
1575633600.0,1.049560546875,6.093116760253906
1575655200.0,1.18359375,5.168556213378906
1575676800.0,1.0751953125,5.143409729003906
1575698400.0,1.020263671875,5.181495666503906
1575720000.0,1.18212890625,4.825050354003906
1575741600.0,1.93701171875,6.186378479003906
1575763200.0,2.240234375,7.867042541503906
1575784800.0,2.08544921875,6.548683166503906
1575806400.0,2.736572265625,7.410011291503906
1575828000.0,2.968994140625,8.022315979003906
1575849600.0,0.8984375,7.851905822753906
1575871200.0,2.8193359375,6.970069885253906
1575892800.0,1.687744140625,6.873878479003906
1575914400.0,0.391357421875,6.154640197753906
1575936000.0,1.314697265625,4.453468322753906
1575957600.0,3.5107421875,7.607765197753906
1575979200.0,3.92333984375,8.812843322753906
1576000800.0,2.010498046875,9.030616760253906
1576022400.0,2.1103515625,7.048194885253906
1576044000.0,2.1162109375,6.759620666503906
1576065600.0,1.458984375,6.424659729003906
1576087200.0,1.44189453125,5.598487854003906
1576108800.0,1.410888671875,5.727394104003906
1576130400.0,0.8466796875,5.558937072753906
1576152000.0,1.0830078125,5.403175354003906
1576173600.0,0.107421875,5.830421447753906
1576195200.0,0.537353515625,3.4725112915039062
1576216800.0,1.093017578125,5.061378479003906
1576238400.0,1.02734375,6.285743713378906
1576260000.0,1.5791015625,5.860206604003906
1576281600.0,1.91943359375,6.076515197753906
1576303200.0,2.24609375,6.889991760253906
1576324800.0,2.417724609375,7.209815979003906
1576346400.0,2.489990234375,7.579444885253906
1576368000.0,0.24072265625,6.730323791503906
1576389600.0,0.762451171875,6.227394104003906
1576411200.0,0.999267578125,6.109230041503906
1576432800.0,0.6318359375,5.284034729003906
1576454400.0,1.354736328125,6.755714416503906
1576476000.0,0.9183349609375,7.976417541503906
1576497600.0,1.607421875,5.891456604003906
1576519200.0,1.45361328125,5.718605041503906
1576540800.0,1.322998046875,5.344581604003906
1576562400.0,1.0048828125,5.268898010253906
1576584000.0,0.539794921875,5.033058166503906
1576605600.0,0.305908203125,4.146339416503906
1576627200.0,0.193115234375,3.7581558227539062
1576648800.0,0.541748046875,3.4700698852539062
1576670400.0,1.733642578125,5.322608947753906
1576692000.0,2.7421875,6.593605041503906
1576713600.0,3.169189453125,8.263038635253906
1576735200.0,1.188232421875,8.510108947753906
1576756800.0,0.900146484375,11.025733947753906
1576778400.0,0.864501953125,4.506202697753906
1576800000.0,1.821533203125,6.302589416503906
1576821600.0,0.335205078125,6.847511291503906
1576843200.0,0.324951171875,6.582374572753906
1576864800.0,0.718994140625,4.091651916503906
1576886400.0,0.349365234375,4.395362854003906
1576908000.0,0.3662109375,4.476417541503906
1576929600.0,0.732666015625,4.574562072753906
1576951200.0,0.239501953125,4.978370666503906
1576972800.0,0.096923828125,10.344093322753906
1576994400.0,0.358154296875,10.735206604003906
1577016000.0,0.5458984375,4.356300354003906
1577037600.0,0.567626953125,5.056495666503906
1577059200.0,0.782958984375,4.946144104003906
1577080800.0,1.33154296875,5.546241760253906
1577102400.0,1.595703125,6.148292541503906
1577124000.0,1.208740234375,5.927101135253906
1577145600.0,0.192138671875,5.624366760253906
1577167200.0,0.148193359375,5.305519104003906
1577188800.0,0.27490234375,5.495948791503906
1577210400.0,0.74267578125,4.033058166503906
1577232000.0,0.951904296875,4.693214416503906
1577253600.0,0.990966796875,4.853858947753906
1577275200.0,0.163818359375,4.899269104003906
1577296800.0,0.167236328125,8.368995666503906
1577318400.0,1.2001953125,4.382667541503906
1577340000.0,2.01318359375,5.816749572753906
1577361600.0,1.785400390625,6.274757385253906
1577383200.0,0.898681640625,6.126808166503906
1577404800.0,0.681396484375,4.387062072753906
1577426400.0,1.016357421875,4.341651916503906
1577448000.0,1.141357421875,4.908546447753906
1577469600.0,0.970947265625,5.209327697753906
1577491200.0,1.25830078125,5.465187072753906
1577512800.0,1.82275390625,6.247901916503906
1577534400.0,1.58837890625,6.673194885253906
1577556000.0,1.90625,6.918800354003906
1577577600.0,1.87646484375,6.975929260253906
1577599200.0,2.385498046875,7.132179260253906
1577620800.0,2.056640625,7.341163635253906
1577642400.0,1.71337890625,7.051124572753906
1577664000.0,1.27294921875,6.931495666503906
1577685600.0,1.302978515625,6.725929260253906
1577707200.0,0.648193359375,6.546730041503906
1577728800.0,0.537841796875,6.248878479003906
1577750400.0,0.4205322265625,3.8318862915039062
1577772000.0,0.1763916015625,6.113624572753906
1577793600.0,0.5062255859375,3.4573745727539062
1577815200.0,0.648193359375,4.282081604003906
1577836800.0,0.34814453125,4.168312072753906
1577858400.0,0.40234375,3.3084487915039062
1577880000.0,0.532470703125,3.5042495727539062
1577901600.0,0.968017578125,4.330421447753906
1577923200.0,1.615478515625,5.670265197753906
1577944800.0,2.3271484375,6.832862854003906
1577966400.0,2.516845703125,7.553077697753906
1577988000.0,2.113525390625,7.665382385253906
1578009600.0,0.86572265625,7.570655822753906
1578031200.0,1.38427734375,5.592628479003906
1578052800.0,1.02197265625,5.511085510253906
1578074400.0,1.063720703125,4.947608947753906
1578096000.0,1.26513671875,5.285011291503906
1578117600.0,1.2568359375,5.402687072753906
1578139200.0,0.953857421875,5.206398010253906
1578160800.0,0.931640625,4.979347229003906
1578182400.0,1.11474609375,5.071632385253906
1578204000.0,1.100341796875,5.270851135253906
1578225600.0,1.14306640625,5.706398010253906
1578247200.0,1.27685546875,5.832862854003906
1578268800.0,1.897216796875,6.308937072753906
1578290400.0,2.82568359375,7.231788635253906
1578312000.0,3.05712890625,8.260597229003906
1578333600.0,1.17578125,8.327491760253906
1578355200.0,1.09814453125,5.341651916503906
1578376800.0,1.9130859375,5.791847229003906
1578398400.0,2.927490234375,7.561378479003906
1578420000.0,2.607421875,8.185401916503906
1578441600.0,1.32080078125,7.712745666503906
1578463200.0,0.95361328125,7.532569885253906
1578484800.0,0.8251953125,5.117042541503906
1578506400.0,0.296875,4.828956604003906
1578528000.0,0.199951171875,16.107276916503906
1578549600.0,0.918701171875,4.419776916503906
1578571200.0,0.261962890625,4.888526916503906
1578592800.0,0.221923828125,8.498390197753906
1578614400.0,0.29345703125,8.427101135253906
1578636000.0,0.503662109375,3.3279800415039062
1578657600.0,0.650390625,3.6023941040039062
1578679200.0,2.34912109375,6.228370666503906
1578700800.0,3.129150390625,7.633155822753906
1578722400.0,3.5712890625,8.407081604003906
1578744000.0,3.119873046875,8.871681213378906
1578765600.0,1.288330078125,8.825294494628906
1578787200.0,0.534912109375,8.611671447753906
1578808800.0,0.79296875,8.645362854003906
1578830400.0,0.86572265625,4.901222229003906
1578852000.0,0.87939453125,4.746437072753906
1578873600.0,1.314697265625,5.222999572753906
1578895200.0,1.916015625,6.097023010253906
1578916800.0,3.6787109375,7.663917541503906
1578938400.0,3.7001953125,9.133155822753906
1578960000.0,3.07177734375,8.306007385253906
1578981600.0,2.322998046875,7.458351135253906
1579003200.0,1.56591796875,7.314796447753906
1579024800.0,1.107177734375,7.436866760253906
1579046400.0,2.13427734375,6.344093322753906
1579068000.0,2.517822265625,6.943214416503906
1579089600.0,2.447265625,7.099464416503906
1579111200.0,2.098876953125,7.041358947753906
1579132800.0,1.476806640625,6.836769104003906
1579154400.0,2.375,6.423194885253906
1579176000.0,2.4140625,7.678077697753906
1579197600.0,1.462890625,8.390724182128906
1579219200.0,1.219482421875,8.271827697753906
1579240800.0,0.390380859375,10.092140197753906
1579262400.0,0.882568359375,4.300636291503906
1579284000.0,0.986572265625,5.080665588378906
1579305600.0,1.362548828125,5.215431213378906
1579327200.0,0.8955078125,5.501808166503906
1579348800.0,0.725830078125,4.604591369628906
1579370400.0,0.536865234375,4.287208557128906
1579392000.0,0.281982421875,3.9417495727539062
1579413600.0,0.148193359375,9.134376525878906
1579435200.0,0.29052734375,2.7049331665039062
1579456800.0,0.631591796875,3.8479995727539062
1579478400.0,0.664306640625,4.310401916503906
1579500000.0,0.6572265625,4.345069885253906
1579521600.0,0.60400390625,4.279151916503906
1579543200.0,0.621826171875,4.328468322753906
1579564800.0,0.49072265625,4.149269104003906
1579586400.0,0.283447265625,3.9100112915039062
1579608000.0,0.2109375,3.8235855102539062
1579629600.0,0.140625,3.6766128540039062
1579651200.0,0.162353515625,2.6561050415039062
1579672800.0,0.128173828125,2.7122573852539062
1579694400.0,2.5430216065531683e-16,12.377296447753906
1579716000.0,2.5355380704641765e-16,12.005714416503906
1579737600.0,2.5430216065531683e-16,11.457862854003906
1579759200.0,0.0634765625,2.3919448852539062
1579780800.0,0.194091796875,2.5232925415039062
1579802400.0,0.211669921875,2.6175308227539062
1579824000.0,0.3330078125,2.9261245727539062
1579845600.0,0.5029296875,3.4539566040039062
1579867200.0,0.453857421875,3.6170425415039062
1579888800.0,0.292236328125,3.6028823852539062
1579910400.0,0.505615234375,3.5770034790039062
1579932000.0,0.697265625,3.9466323852539062
1579953600.0,1.012939453125,4.762550354003906
1579975200.0,1.33642578125,5.598487854003906
1579996800.0,1.566162109375,5.841163635253906
1580018400.0,2.272705078125,6.471534729003906
1580040000.0,0.712890625,6.847023010253906
1580061600.0,0.388427734375,6.459815979003906
1580083200.0,1.937255859375,5.808448791503906
1580104800.0,1.83251953125,6.265968322753906
1580126400.0,1.757568359375,6.350929260253906
1580148000.0,0.94091796875,6.075050354003906
1580169600.0,0.9921875,5.667335510253906
1580191200.0,1.24365234375,5.564796447753906
1580212800.0,1.621337890625,6.170265197753906
1580234400.0,1.701904296875,6.220558166503906
1580256000.0,1.642822265625,6.082862854003906
1580277600.0,1.66650390625,6.130226135253906
1580299200.0,1.422119140625,5.571144104003906
1580320800.0,1.70751953125,6.297706604003906
1580342400.0,1.4053955078125,6.170265197753906
1580364000.0,1.310791015625,5.780128479003906
1580385600.0,1.852294921875,6.194190979003906
1580407200.0,0.941650390625,6.162940979003906
1580428800.0,0.882568359375,5.265480041503906
1580450400.0,1.495361328125,5.738624572753906
1580472000.0,1.712158203125,6.669776916503906
1580493600.0,1.6318359375,6.839210510253906
1580515200.0,2.030517578125,6.730812072753906
1580536800.0,2.197021484375,6.923194885253906
1580558400.0,2.1162109375,6.858253479003906
1580580000.0,0.990478515625,6.874855041503906
1580601600.0,0.095458984375,6.462257385253906
1580623200.0,0.519287109375,3.7056655883789062
1580644800.0,0.766845703125,4.550880432128906
1580666400.0,1.189453125,5.416358947753906
1580688000.0,1.469482421875,6.421241760253906
1580709600.0,1.480224609375,6.174659729003906
1580731200.0,1.593505859375,5.871925354003906
1580752800.0,1.616455078125,5.697608947753906
1580774400.0,2.1689453125,6.252784729003906
1580796000.0,2.5029296875,6.725440979003906
1580817600.0,2.01953125,6.741065979003906
1580839200.0,1.130859375,6.096046447753906
1580860800.0,0.317626953125,5.562843322753906
1580882400.0,0.161376953125,3.6004409790039062
1580904000.0,0.28125,2.9349136352539062
1580925600.0,0.32568359375,3.5948257446289062
1580947200.0,0.321533203125,3.9073257446289062
1580968800.0,0.2744140625,3.8736343383789062
1580990400.0,0.28515625,3.8343276977539062
1581012000.0,0.437255859375,3.8165054321289062
1581033600.0,0.798095703125,4.143898010253906
1581055200.0,1.010009765625,4.394386291503906
1581076800.0,1.553466796875,5.315773010253906
1581098400.0,2.061279296875,6.282569885253906
1581120000.0,2.853271484375,7.609718322753906
1581141600.0,1.98974609375,7.630714416503906
1581163200.0,2.273193359375,7.006202697753906
1581184800.0,4.2392578125,8.369972229003906
1581206400.0,4.21142578125,9.215187072753906
1581228000.0,3.181396484375,9.220558166503906
1581249600.0,3.10791015625,9.566261291503906
1581271200.0,1.74609375,8.907081604003906
1581292800.0,2.06787109375,6.329933166503906
1581314400.0,2.797119140625,7.339210510253906
1581336000.0,2.496337890625,7.569679260253906
1581357600.0,2.921142578125,7.400245666503906
1581379200.0,3.41162109375,8.156105041503906
1581400800.0,3.220458984375,7.964210510253906
1581422400.0,3.063720703125,7.702980041503906
1581444000.0,3.160888671875,7.593605041503906
1581465600.0,2.790771484375,7.492530822753906
1581487200.0,2.418701171875,6.958351135253906
1581508800.0,1.78271484375,6.511085510253906
1581530400.0,0.376708984375,6.099952697753906
1581552000.0,1.508544921875,4.934425354003906
1581573600.0,1.638916015625,6.422218322753906
1581595200.0,0.39208984375,7.090187072753906
1581616800.0,0.47998046875,4.475929260253906
1581638400.0,0.25439453125,9.772804260253906
1581660000.0,1.879638671875,5.296241760253906
1581681600.0,2.693603515625,7.612648010253906
1581703200.0,1.12744140625,7.707374572753906
1581724800.0,0.74365234375,7.724952697753906
1581746400.0,2.1494140625,5.943214416503906
1581768000.0,3.4951171875,7.765480041503906
1581789600.0,2.193115234375,9.240089416503906
1581811200.0,2.87890625,8.805519104003906
1581832800.0,2.867919921875,8.646339416503906
1581854400.0,2.9306640625,7.817726135253906
1581876000.0,3.270751953125,8.109230041503906
1581897600.0,3.679931640625,8.427101135253906
1581919200.0,2.7099609375,8.468605041503906
1581940800.0,1.481201171875,8.152198791503906
1581962400.0,1.98974609375,6.293800354003906
1581984000.0,1.8095703125,6.767921447753906
1582005600.0,2.0537109375,6.751808166503906
1582027200.0,1.8857421875,6.883644104003906
1582048800.0,1.541748046875,6.215675354003906
1582070400.0,1.82177734375,6.042823791503906
1582092000.0,1.11083984375,6.052589416503906
1582113600.0,1.55908203125,5.503761291503906
1582135200.0,1.879150390625,6.501319885253906
1582156800.0,1.807861328125,7.083839416503906
1582178400.0,0.81640625,7.519874572753906
1582200000.0,1.34912109375,4.852882385253906
1582221600.0,2.0576171875,6.280128479003906
1582243200.0,1.69189453125,6.282081604003906
1582264800.0,2.345703125,6.838233947753906
1582286400.0,2.5693359375,7.550636291503906
1582308000.0,2.42041015625,7.643898010253906
1582329600.0,3.05078125,8.155128479003906
1582351200.0,1.9736328125,8.364112854003906
1582372800.0,2.183837890625,6.687355041503906
1582394400.0,2.0263671875,6.803565979003906
1582416000.0,1.18310546875,6.198585510253906
1582437600.0,0.51171875,6.234230041503906
1582459200.0,1.46044921875,5.029151916503906
1582480800.0,0.9052734375,5.805519104003906
1582502400.0,0.264892578125,6.016944885253906
1582524000.0,2.113037109375,5.458351135253906
1582545600.0,0.8349609375,6.922218322753906
1582567200.0,1.646484375,5.815284729003906
1582588800.0,1.335205078125,5.663917541503906
1582610400.0,1.27880859375,5.690284729003906
1582632000.0,1.090576171875,5.760108947753906
1582653600.0,1.103271484375,4.921241760253906
1582675200.0,1.401611328125,5.321632385253906
1582696800.0,1.402099609375,5.507179260253906
1582718400.0,1.2421875,5.745460510253906
1582740000.0,0.899658203125,5.142433166503906
1582761600.0,0.87109375,4.769386291503906
1582783200.0,0.889892578125,4.410987854003906
1582804800.0,1.2796630859375,4.995460510253906
1582826400.0,0.79638671875,5.668800354003906
1582848000.0,0.638427734375,4.040382385253906
1582869600.0,1.20703125,4.812355041503906
1582891200.0,2.30224609375,6.530128479003906
1582912800.0,0.707763671875,7.241065979003906
1582934400.0,1.83251953125,6.317726135253906
1582956000.0,1.261474609375,7.402687072753906
1582977600.0,2.22607421875,6.518898010253906
1582999200.0,3.775390625,8.498878479003906
1583020800.0,3.22412109375,8.789894104003906
1583042400.0,3.068359375,8.167091369628906
1583064000.0,2.464599609375,7.517433166503906
1583085600.0,1.665771484375,6.671241760253906
1583107200.0,1.112060546875,6.049659729003906
1583128800.0,1.0263671875,5.138526916503906
1583150400.0,1.0673828125,5.146583557128906
1583172000.0,1.1181640625,5.252296447753906
1583193600.0,1.385009765625,5.671241760253906
1583215200.0,0.874267578125,6.153907775878906
1583236800.0,1.04443359375,4.882911682128906
1583258400.0,0.4892578125,5.112159729003906
1583280000.0,0.210693359375,5.103370666503906
1583301600.0,0.03857421875,6.047218322753906
1583323200.0,2.539104079172117e-16,9.454444885253906
1583344800.0,2.551127711858392e-16,9.334815979003906
1583366400.0,0.0205078125,9.118995666503906
1583388000.0,0.019287109375,8.910011291503906
1583409600.0,2.536438042970634e-16,8.676612854003906
1583431200.0,0.023681640625,8.508155822753906
1583452800.0,0.287841796875,2.6976089477539062
1583474400.0,0.228515625,3.5347671508789062
1583496000.0,0.214599609375,3.5491714477539062
1583517600.0,0.363037109375,3.1023941040039062
1583539200.0,0.470703125,3.5628433227539062
1583560800.0,1.136962890625,4.768409729003906
1583582400.0,1.4794921875,5.477394104003906
1583604000.0,2.770751953125,6.939308166503906
1583625600.0,2.2451171875,8.315284729003906
1583647200.0,1.1533203125,8.264503479003906
1583668800.0,1.187744140625,5.860694885253906
1583690400.0,1.038818359375,5.626808166503906
1583712000.0,1.032470703125,5.803565979003906
1583733600.0,0.979736328125,6.128273010253906
1583755200.0,1.103271484375,5.128761291503906
1583776800.0,1.804443359375,6.680519104003906
1583798400.0,1.19482421875,6.800148010253906
1583820000.0,1.28369140625,5.813819885253906
1583841600.0,1.466064453125,5.891456604003906
1583863200.0,0.8232421875,6.280128479003906
1583884800.0,0.6796875,6.126319885253906
1583906400.0,1.6998291015625,5.294776916503906
1583928000.0,1.490478515625,6.268898010253906
1583949600.0,1.056640625,6.329933166503906
1583971200.0,1.880615234375,5.774757385253906
1583992800.0,2.2041015625,7.068214416503906
1584014400.0,2.906005859375,7.226905822753906
1584036000.0,2.20361328125,7.490089416503906
1584057600.0,1.4437255859375,6.301612854003906
1584079200.0,0.2705078125,5.943702697753906
1584100800.0,0.3369140625,6.094093322753906
1584122400.0,0.6591796875,3.5818862915039062
1584144000.0,0.98828125,4.306007385253906
1584165600.0,1.043701171875,5.192726135253906
1584187200.0,0.799072265625,4.472999572753906
1584208800.0,2.318115234375,6.276710510253906
1584230400.0,1.813720703125,7.527198791503906
1584252000.0,2.120849609375,7.092140197753906
1584273600.0,1.013916015625,6.795753479003906
1584295200.0,1.4228515625,5.460304260253906
1584316800.0,0.72119140625,5.518409729003906
1584338400.0,0.273193359375,5.205909729003906
1584360000.0,1.1005859375,4.134132385253906
1584381600.0,2.03271484375,6.276710510253906
1584403200.0,1.34130859375,6.811866760253906
1584424800.0,0.835693359375,6.789894104003906
1584446400.0,0.58935546875,6.504249572753906
1584468000.0,2.0126953125,6.758644104003906
1584489600.0,0.451171875,7.650733947753906
1584511200.0,0.515869140625,7.536476135253906
1584532800.0,0.464599609375,7.345558166503906
1584554400.0,0.24365234375,6.613624572753906
1584576000.0,0.375732421875,3.2830581665039062
1584597600.0,0.278076171875,3.5169448852539062
1584619200.0,0.130859375,6.224952697753906
1584640800.0,0.616455078125,3.3226089477539062
1584662400.0,0.685302734375,4.285011291503906
1584684000.0,0.499755859375,4.234718322753906
1584705600.0,0.3472900390625,3.5110855102539062
1584727200.0,0.3994140625,3.2259292602539062
1584748800.0,1.195556640625,4.865577697753906
1584770400.0,1.4775390625,5.706398010253906
1584792000.0,1.67431640625,6.105812072753906
1584813600.0,1.05712890625,5.456886291503906
1584835200.0,1.295166015625,5.308448791503906
1584856800.0,0.803466796875,5.109230041503906
1584878400.0,0.72802734375,4.410499572753906
1584900000.0,0.67431640625,4.140968322753906
1584921600.0,0.8994140625,4.031105041503906
1584943200.0,0.826904296875,4.678565979003906
1584964800.0,0.810546875,4.555519104003906
1584986400.0,1.058837890625,4.666847229003906
1585008000.0,1.072021484375,4.963233947753906
1585029600.0,1.338134765625,5.242042541503906
1585051200.0,1.583740234375,5.724464416503906
1585072800.0,1.963134765625,6.246925354003906
1585094400.0,1.50390625,6.285987854003906
1585116000.0,0.970458984375,5.813331604003906
1585137600.0,0.3623046875,5.264015197753906
1585159200.0,0.03173828125,4.982276916503906
1585180800.0,0.0546875,4.676124572753906
1585202400.0,0.07177734375,4.509620666503906
1585224000.0,0.111083984375,2.4949722290039062
1585245600.0,0.252197265625,2.6409683227539062
1585267200.0,0.22119140625,3.1888198852539062
1585288800.0,0.021728515625,3.1951675415039062
1585310400.0,0.07275390625,3.1780776977539062
1585332000.0,0.2138671875,2.6487808227539062
1585353600.0,0.529052734375,3.5706558227539062
1585375200.0,0.5634765625,3.9173355102539062
1585396800.0,0.606201171875,4.247901916503906
1585418400.0,0.675537109375,3.9759292602539062
1585440000.0,1.106689453125,4.997413635253906
1585461600.0,1.0712890625,5.126319885253906
1585483200.0,0.63818359375,5.007667541503906
1585504800.0,0.76025390625,4.265968322753906
1585526400.0,0.936767578125,4.659523010253906
1585548000.0,0.985107421875,5.026710510253906
1585569600.0,0.89990234375,4.966163635253906
1585591200.0,0.7783203125,4.294776916503906
1585612800.0,0.368408203125,4.393409729003906
1585634400.0,2.539104079172117e-16,4.461280822753906
1585656000.0,0.255859375,2.6351089477539062
1585677600.0,0.621826171875,3.5828628540039062
1585699200.0,0.544189453125,4.147804260253906
1585720800.0,0.59375,3.9046401977539062
1585742400.0,0.7490234375,4.224464416503906
1585764000.0,0.78369140625,4.407081604003906
1585785600.0,0.659423828125,4.345558166503906
1585807200.0,0.776123046875,3.9148941040039062
1585828800.0,1.1708984375,4.980812072753906
1585850400.0,0.84765625,5.373878479003906
1585872000.0,0.468505859375,5.123390197753906
1585893600.0,0.617431640625,3.8577651977539062
1585915200.0,0.402587890625,3.9319839477539062
1585936800.0,0.568115234375,4.113136291503906
1585958400.0,0.244140625,4.370948791503906
1585980000.0,0.202392578125,4.310401916503906
1586001600.0,0.86376953125,4.250343322753906
1586023200.0,1.14501953125,5.095069885253906
1586044800.0,1.37109375,5.301612854003906
1586066400.0,1.179931640625,5.323585510253906
1586088000.0,1.549072265625,5.619483947753906
1586109600.0,1.902587890625,6.357765197753906
1586131200.0,2.5810546875,7.559425354003906
1586152800.0,1.099609375,7.697608947753906
1586174400.0,0.708740234375,6.389991760253906
1586196000.0,0.388671875,6.118019104003906
1586217600.0,0.143310546875,9.839210510253906
1586239200.0,0.020263671875,9.625343322753906
1586260800.0,0.67529296875,3.6038589477539062
1586282400.0,0.85791015625,4.356300354003906
1586304000.0,0.44775390625,4.654151916503906
1586325600.0,0.097900390625,4.506690979003906
1586347200.0,0.08203125,8.472511291503906
1586368800.0,0.09765625,8.306495666503906
1586390400.0,0.02001953125,12.035011291503906
1586412000.0,0.093017578125,12.243019104003906
1586433600.0,0.3212890625,2.6878433227539062
1586455200.0,0.248046875,3.1990737915039062
1586476800.0,0.50634765625,3.9380874633789062
1586498400.0,0.32861328125,4.136329650878906
1586520000.0,0.212158203125,3.8150405883789062
1586541600.0,2.539459833009964e-16,3.7413101196289062
1586563200.0,0.02587890625,2.2728042602539062
1586584800.0,0.134033203125,2.4852066040039062
1586606400.0,2.5159292577352395e-16,2.5149917602539062
1586628000.0,0.0888671875,2.5174331665039062
1586649600.0,2.545962928462509e-16,2.9808120727539062
1586671200.0,0.13720703125,2.9632339477539062
1586692800.0,0.434814453125,3.3309097290039062
1586714400.0,0.659423828125,4.062843322753906
1586736000.0,1.43896484375,5.181007385253906
1586757600.0,1.101318359375,5.324073791503906
1586779200.0,0.315673828125,4.963722229003906
1586800800.0,2.5453170658402274e-16,4.539405822753906
1586822400.0,0.021728515625,2.5262222290039062
1586844000.0,0.079833984375,2.4676284790039062
1586865600.0,0.281494140625,2.7684097290039062
1586887200.0,0.407958984375,3.4266128540039062
1586908800.0,0.179931640625,3.4969253540039062
1586930400.0,2.5492472987154874e-16,3.4520034790039062
1586952000.0,2.539459833009964e-16,3.2801284790039062
1586973600.0,0.0849609375,2.2576675415039062
1586995200.0,0.320556640625,2.8401870727539062
1587016800.0,0.327880859375,3.2557144165039062
1587038400.0,0.240966796875,3.0018081665039062
1587060000.0,0.519287109375,3.2596206665039062
1587081600.0,0.940673828125,4.373390197753906
1587103200.0,0.875732421875,4.627784729003906
1587124800.0,0.600830078125,4.882179260253906
1587146400.0,0.3505859375,4.970069885253906
1587168000.0,0.982177734375,4.448097229003906
1587189600.0,0.90380859375,4.781105041503906
1587211200.0,0.4066162109375,4.629249572753906
1587232800.0,2.544980370243694e-16,4.412940979003906
1587254400.0,0.163330078125,4.131690979003906
1587276000.0,0.603759765625,3.4754409790039062
1587297600.0,0.57861328125,4.036964416503906
1587319200.0,0.0205078125,4.233741760253906
1587340800.0,0.71484375,4.002784729003906
1587362400.0,0.8369140625,4.386573791503906
1587384000.0,0.77783203125,4.410011291503906
1587405600.0,0.645751953125,3.7674331665039062
1587427200.0,0.9892578125,4.687843322753906
1587448800.0,1.24951171875,5.001075744628906
1587470400.0,0.881591796875,5.085548400878906
1587492000.0,0.65673828125,3.9939956665039062
1587513600.0,0.977294921875,4.701026916503906
1587535200.0,0.798583984375,4.402687072753906
1587556800.0,0.22314453125,4.378273010253906
1587578400.0,0.092529296875,4.179054260253906
1587600000.0,0.504638671875,3.3665542602539062
1587621600.0,0.33447265625,3.4295425415039062
1587643200.0,0.052734375,3.4632339477539062
1587664800.0,2.539104079172117e-16,3.3992691040039062
1587686400.0,0.0347900390625,2.2337417602539062
1587708000.0,0.05029296875,2.4114761352539062
1587729600.0,2.542343980195365e-16,2.8772964477539062
1587751200.0,2.5430216065531683e-16,2.9183120727539062
1587772800.0,2.5323722848238136e-16,2.0193862915039062
1587794400.0,0.124267578125,2.4207534790039062
1587816000.0,2.539104079172117e-16,3.5843276977539062
1587837600.0,2.55072113604371e-16,3.8211441040039062
1587859200.0,0.1397705078125,2.3877944946289062
1587880800.0,0.4229736328125,3.1233901977539062
1587902400.0,0.44384765625,3.5845718383789062
1587924000.0,0.11572265625,3.6546401977539062
1587945600.0,0.263671875,3.2598648071289062
1587967200.0,0.204345703125,3.1907730102539062
1587988800.0,0.021728515625,3.1790542602539062
1588010400.0,0.03076171875,3.0335464477539062
1588032000.0,0.145263671875,2.4952163696289062
1588053600.0,0.254150390625,2.5950698852539062
1588075200.0,0.466552734375,3.2916030883789062
1588096800.0,0.16748046875,3.7903823852539062
1588118400.0,0.43310546875,3.2247085571289062
1588140000.0,0.9404296875,4.283546447753906
1588161600.0,1.127685546875,4.973976135253906
1588183200.0,0.36474609375,5.083351135253906
1588204800.0,0.419189453125,5.219093322753906
1588226400.0,0.48193359375,5.685646057128906
1588248000.0,0.10888671875,6.506446838378906
1588269600.0,0.33984375,6.321388244628906
1588291200.0,0.524169921875,3.6465835571289062
1588312800.0,0.4375,3.6519546508789062
1588334400.0,0.26806640625,3.7000503540039062
1588356000.0,0.218994140625,8.627784729003906
1588377600.0,0.354248046875,3.1629409790039062
1588399200.0,0.694091796875,3.7474136352539062
1588420800.0,0.40771484375,4.203468322753906
1588442400.0,0.0611572265625,4.072120666503906
1588464000.0,2.539104079172117e-16,8.174171447753906
1588485600.0,2.5430216065531683e-16,8.101417541503906
1588507200.0,2.5355380704641765e-16,8.005226135253906
1588528800.0,0.13623046875,7.881202697753906
1588550400.0,0.436279296875,3.2898941040039062
1588572000.0,0.259033203125,3.4646987915039062
1588593600.0,0.072265625,2.9964370727539062
1588615200.0,0.233642578125,2.8563003540039062
1588636800.0,0.94580078125,4.405616760253906
1588658400.0,1.033203125,5.061378479003906
1588680000.0,0.832275390625,5.206886291503906
1588701600.0,0.118408203125,5.248634338378906
1588723200.0,0.4619140625,3.5149917602539062
1588744800.0,0.6767578125,4.343605041503906
1588766400.0,0.484130859375,4.178321838378906
1588788000.0,0.086669921875,4.130226135253906
1588809600.0,0.0712890625,8.380226135253906
1588831200.0,2.550162094298522e-16,8.329933166503906
1588852800.0,0.20849609375,8.385108947753906
1588874400.0,0.412109375,3.3343276977539062
1588896000.0,0.119873046875,4.303565979003906
1588917600.0,2.5524152019382185e-16,4.397804260253906
1588939200.0,2.5383142209488025e-16,4.348976135253906
1588960800.0,2.5482986218145626e-16,8.171730041503906
1588982400.0,0.037841796875,6.248878479003906
1589004000.0,0.04931640625,6.267921447753906
1589025600.0,2.5367662682376953e-16,6.289894104003906
1589047200.0,0.02001953125,6.298194885253906
1589068800.0,0.518310546875,3.3680191040039062
1589090400.0,0.94580078125,3.9319839477539062
1589112000.0,1.411865234375,5.547706604003906
1589133600.0,0.939208984375,5.394874572753906
1589155200.0,1.114501953125,5.224464416503906
1589176800.0,1.061767578125,5.078956604003906
1589198400.0,0.433837890625,4.852394104003906
1589220000.0,0.82421875,4.246437072753906
1589241600.0,0.82373046875,4.733741760253906
1589263200.0,0.7099609375,4.610694885253906
1589284800.0,0.77099609375,4.553565979003906
1589306400.0,0.96533203125,4.610694885253906
1589328000.0,0.584228515625,5.093605041503906
1589349600.0,0.650146484375,3.9852066040039062
1589371200.0,0.200927734375,4.235206604003906
1589392800.0,0.399658203125,2.9681167602539062
1589414400.0,0.405517578125,3.5501480102539062
1589436000.0,0.238037109375,3.4734878540039062
1589457600.0,0.417724609375,3.2752456665039062
1589479200.0,0.560791015625,3.5433120727539062
1589500800.0,0.5078125,3.9622573852539062
1589522400.0,0.4287109375,3.7830581665039062
1589544000.0,0.327392578125,3.6570816040039062
1589565600.0,0.258056640625,3.7811050415039062
1589587200.0,0.19873046875,3.8157730102539062
1589608800.0,0.37109375,3.0125503540039062
1589630400.0,0.1044921875,3.3885269165039062
1589652000.0,0.156494140625,3.2806167602539062
1589673600.0,0.041015625,3.7869644165039062
1589695200.0,0.502197265625,3.3523941040039062
1589716800.0,0.667724609375,3.9402847290039062
1589738400.0,0.58349609375,4.340187072753906
1589760000.0,0.48291015625,5.102394104003906
1589781600.0,0.57763671875,5.245948791503906
1589803200.0,0.408447265625,5.208351135253906
1589824800.0,0.516845703125,5.156105041503906
1589846400.0,0.513427734375,5.177101135253906
1589868000.0,0.2421875,5.398780822753906
1589889600.0,0.238525390625,5.344093322753906
1589911200.0,0.507568359375,4.295753479003906
1589932800.0,0.36767578125,4.736183166503906
1589954400.0,0.582275390625,4.711769104003906
1589976000.0,0.70361328125,4.585792541503906
1589997600.0,0.61083984375,4.708351135253906
1590019200.0,0.358642578125,4.580421447753906
1590040800.0,0.111328125,4.498878479003906
1590062400.0,0.042236328125,4.232276916503906
1590084000.0,0.269775390625,2.7845230102539062
1590105600.0,1.193115234375,4.608741760253906
1590127200.0,2.016845703125,6.634620666503906
1590148800.0,2.70166015625,7.662940979003906
1590170400.0,2.265625,8.311866760253906
1590192000.0,2.132568359375,7.455909729003906
1590213600.0,2.203857421875,7.121437072753906
1590235200.0,1.753173828125,6.908058166503906
1590256800.0,1.224609375,6.193702697753906
1590278400.0,1.19482421875,5.567237854003906
1590300000.0,1.153076171875,5.559425354003906
1590321600.0,0.25341796875,5.643409729003906
1590343200.0,0.123291015625,5.040382385253906
1590364800.0,2.5339922353354374e-16,4.398780822753906
1590386400.0,0.047119140625,4.686378479003906
1590408000.0,1.023193359375,4.513526916503906
1590429600.0,1.0068359375,5.627784729003906
1590451200.0,0.238525390625,5.642921447753906
1590472800.0,0.09130859375,5.254249572753906
1590494400.0,0.0859375,4.931495666503906
1590516000.0,0.033935546875,4.657569885253906
1590537600.0,2.493101719806736e-16,4.537940979003906
1590559200.0,0.058837890625,2.3436050415039062
1590580800.0,2.5376429473381035e-16,6.140968322753906
1590602400.0,2.5502933844053464e-16,10.943702697753906
1590624000.0,0.0380859375,10.342140197753906
1590645600.0,0.1279296875,2.4168472290039062
1590667200.0,0.1005859375,3.1722183227539062
1590688800.0,0.033935546875,3.4207534790039062
1590710400.0,0.08935546875,2.3978042602539062
1590732000.0,0.291748046875,2.7073745727539062
1590753600.0,0.552001953125,3.3772964477539062
1590775200.0,0.120361328125,3.6141128540039062
1590796800.0,0.278076171875,2.9090347290039062
1590818400.0,0.6533203125,3.9432144165039062
1590840000.0,0.61572265625,4.306007385253906
1590861600.0,0.109375,4.319190979003906
1590883200.0,0.768798828125,3.8912124633789062
1590904800.0,0.865966796875,4.746437072753906
1590926400.0,0.214599609375,4.670265197753906
1590948000.0,2.5430216065531683e-16,4.520362854003906
1590969600.0,0.213623046875,2.8406753540039062
1590991200.0,0.30322265625,3.6551284790039062
1591012800.0,0.005615234375,3.7361831665039062
1591034400.0,2.5430216065531683e-16,3.5867691040039062
1591056000.0,2.540052756073042e-16,2.1385269165039062
1591077600.0,2.5434641812681087e-16,10.182472229003906
1591099200.0,2.539807116518338e-16,2.0354995727539062
1591120800.0,0.118896484375,2.2181167602539062
1591142400.0,0.60205078125,3.5784683227539062
1591164000.0,0.969970703125,3.9773941040039062
1591185600.0,0.76318359375,4.815284729003906
1591207200.0,0.9453125,4.591163635253906
1591228800.0,0.9736328125,4.908058166503906
1591250400.0,0.991943359375,5.060890197753906
1591272000.0,0.46044921875,4.677589416503906
1591293600.0,0.833251953125,3.9451675415039062
1591315200.0,1.287841796875,5.228370666503906
1591336800.0,1.48779296875,5.630714416503906
1591358400.0,1.8426513671875,5.858741760253906
1591380000.0,2.115966796875,6.300148010253906
1591401600.0,2.411865234375,6.850929260253906
1591423200.0,2.2451171875,6.773292541503906
1591444800.0,1.69482421875,6.426612854003906
1591466400.0,1.09375,5.735694885253906
1591488000.0,1.013916015625,4.796241760253906
1591509600.0,1.19189453125,5.284034729003906
1591531200.0,0.7923583984375,5.147315979003906
1591552800.0,0.95361328125,4.661476135253906
1591574400.0,0.5550537109375,4.798683166503906
1591596000.0,0.055419921875,4.808937072753906
1591617600.0,0.154541015625,3.1688003540039062
1591639200.0,2.548868251471591e-16,3.2015151977539062
1591660800.0,0.1552734375,2.4334487915039062
1591682400.0,2.548868251471591e-16,2.6600112915039062
1591704000.0,2.5358959418843915e-16,2.6795425415039062
1591725600.0,0.04736328125,2.2134780883789062
1591747200.0,0.373291015625,2.9402847290039062
1591768800.0,0.199951171875,3.3069839477539062
1591790400.0,0.324951171875,3.0047378540039062
1591812000.0,0.1689453125,3.2454605102539062
1591833600.0,0.96044921875,3.9056167602539062
1591855200.0,1.4462890625,5.273780822753906
1591876800.0,0.69384765625,5.327003479003906
1591898400.0,0.546142578125,4.095069885253906
1591920000.0,1.120849609375,4.757179260253906
1591941600.0,1.07958984375,5.023780822753906
1591963200.0,0.80517578125,5.035987854003906
1591984800.0,0.762451171875,4.632423400878906
1592006400.0,0.654541015625,4.385597229003906
1592028000.0,0.41943359375,4.050636291503906
1592049600.0,0.087158203125,3.7591323852539062
1592071200.0,0.0250244140625,3.5926284790039062
1592092800.0,0.2354736328125,2.5860366821289062
1592114400.0,0.3133544921875,2.9817886352539062
1592136000.0,2.5183962411941176e-16,3.2793960571289062
1592157600.0,0.0240478515625,3.2435073852539062
1592179200.0,2.542049636246194e-16,2.4686050415039062
1592200800.0,2.548868251471591e-16,2.5467300415039062
1592222400.0,2.5430216065531683e-16,6.055030822753906
1592244000.0,2.5527709557760653e-16,5.987159729003906
1592265600.0,2.539104079172117e-16,5.876319885253906
1592287200.0,0.069580078125,2.2591323852539062
1592308800.0,0.126953125,2.3997573852539062
1592330400.0,0.369873046875,2.9324722290039062
1592352000.0,0.65869140625,3.6531753540039062
1592373600.0,0.183837890625,3.9314956665039062
1592395200.0,0.006103515625,3.7386245727539062
1592416800.0,0.05615234375,3.5120620727539062
1592438400.0,2.5330075595342543e-16,2.3724136352539062
1592460000.0,0.1123046875,2.2156753540039062
1592481600.0,2.5485124976337443e-16,2.5940933227539062
1592503200.0,0.048583984375,2.3904800415039062
1592524800.0,0.27294921875,2.6741714477539062
1592546400.0,0.194091796875,3.2103042602539062
1592568000.0,2.5430216065531683e-16,3.3616714477539062
1592589600.0,0.337890625,3.9979019165039062
1592611200.0,2.5430216065531683e-16,4.712257385253906
1592632800.0,2.549689873430428e-16,4.724464416503906
1592654400.0,0.5791015625,3.2854995727539062
1592676000.0,1.47021484375,5.218116760253906
1592697600.0,1.829833984375,6.127296447753906
1592719200.0,1.087158203125,6.941261291503906
1592740800.0,0.838134765625,6.374855041503906
1592762400.0,0.140380859375,6.108253479003906
1592784000.0,0.31982421875,6.224464416503906
1592805600.0,1.063232421875,4.419288635253906
1592827200.0,2.321533203125,6.872413635253906
1592848800.0,2.612548828125,7.108741760253906
1592870400.0,1.529052734375,7.494972229003906
1592892000.0,1.2877197265625,6.636573791503906
1592913600.0,0.976806640625,6.342628479003906
1592935200.0,1.29150390625,5.953956604003906
1592956800.0,0.634521484375,5.660499572753906
1592978400.0,0.358642578125,5.257179260253906
1593000000.0,2.5339160023701846e-16,5.259132385253906
1593021600.0,0.08544921875,5.801124572753906
1593043200.0,0.217529296875,2.6678237915039062
1593064800.0,0.08251953125,2.8416519165039062
1593086400.0,0.20849609375,2.6961441040039062
1593108000.0,0.2041015625,3.2757339477539062
1593129600.0,0.03564453125,3.6585464477539062
1593151200.0,0.0859375,16.367042541503906
1593172800.0,0.207275390625,2.6980972290039062
1593194400.0,1.0263671875,4.643898010253906
1593216000.0,0.553955078125,5.546241760253906
1593237600.0,0.61474609375,3.9720230102539062
1593259200.0,0.882080078125,4.631202697753906
1593280800.0,1.2265625,5.567726135253906
1593302400.0,1.675048828125,5.789894104003906
1593324000.0,2.029541015625,6.448585510253906
1593345600.0,2.204345703125,6.863624572753906
1593367200.0,2.2001953125,6.714210510253906
1593388800.0,2.207763671875,6.902687072753906
1593410400.0,1.8837890625,6.853858947753906
1593432000.0,1.236572265625,6.812355041503906
1593453600.0,0.648193359375,6.467628479003906
1593475200.0,0.552734375,6.127784729003906
1593496800.0,0.302978515625,5.422218322753906
1593518400.0,0.101318359375,4.893898010253906
1593540000.0,0.091796875,4.333351135253906
1593561600.0,2.539459833009964e-16,4.031105041503906
1593583200.0,2.5430216065531683e-16,5.657081604003906
1593604800.0,0.029052734375,5.901710510253906
1593626400.0,0.014892578125,5.981300354003906
1593648000.0,0.090087890625,5.903663635253906
1593669600.0,0.169677734375,5.829933166503906
1593691200.0,2.507859151330274e-16,5.913917541503906
1593712800.0,2.539459833009964e-16,5.970069885253906
1593734400.0,0.44140625,3.1863784790039062
1593756000.0,1.232177734375,4.565773010253906
1593777600.0,1.04248046875,6.217140197753906
1593799200.0,0.427001953125,6.853370666503906
1593820800.0,0.024658203125,7.114112854003906
1593842400.0,2.552203443701405e-16,7.047706604003906
1593864000.0,2.5387949121463693e-16,6.532569885253906
1593885600.0,0.420654296875,6.312843322753906
1593907200.0,1.781494140625,6.265480041503906
1593928800.0,1.560302734375,6.463233947753906
1593950400.0,1.2958984375,6.088722229003906
1593972000.0,1.481689453125,6.138526916503906
1593993600.0,1.286376953125,5.699073791503906
1594015200.0,1.404052734375,5.478858947753906
1594036800.0,1.05908203125,5.502784729003906
1594058400.0,0.151611328125,5.222023010253906
1594080000.0,0.124755859375,4.994972229003906
1594101600.0,0.2158203125,2.6663589477539062
1594123200.0,0.168701171875,2.6741714477539062
1594144800.0,0.1103515625,3.6746597290039062
1594166400.0,0.09912109375,5.714698791503906
1594188000.0,0.103759765625,6.166847229003906
1594209600.0,2.5430216065531683e-16,6.180519104003906
1594231200.0,0.138427734375,6.123390197753906
1594252800.0,0.42724609375,3.1961441040039062
1594274400.0,0.2490234375,3.7664566040039062
1594296000.0,0.210205078125,5.742530822753906
1594317600.0,0.826171875,3.9261245727539062
1594339200.0,0.9072265625,4.638526916503906
1594360800.0,1.08154296875,4.796730041503906
1594382400.0,0.8720703125,4.944190979003906
1594404000.0,0.677001953125,4.377296447753906
1594425600.0,0.687744140625,4.278663635253906
1594447200.0,0.515625,4.084815979003906
1594468800.0,0.046142578125,3.9837417602539062
1594490400.0,2.5449613120023806e-16,3.9207534790039062
1594512000.0,0.036865234375,2.9075698852539062
1594533600.0,0.232421875,3.1023941040039062
1594555200.0,0.637451171875,3.6692886352539062
1594576800.0,0.83154296875,4.342628479003906
1594598400.0,0.88671875,4.731300354003906
1594620000.0,0.64306640625,4.801124572753906
1594641600.0,0.192138671875,4.906105041503906
1594663200.0,0.15283203125,5.021827697753906
1594684800.0,0.44775390625,3.1326675415039062
1594706400.0,0.5576171875,3.7371597290039062
1594728000.0,0.1826171875,3.9129409790039062
1594749600.0,0.443359375,3.4349136352539062
1594771200.0,0.446533203125,3.6165542602539062
1594792800.0,0.3990478515625,3.5726089477539062
1594814400.0,0.3538818359375,3.5745620727539062
1594836000.0,0.4171142578125,3.5784683227539062
1594857600.0,0.3402099609375,3.8528823852539062
1594879200.0,0.210205078125,3.3797378540039062
1594900800.0,0.10009765625,3.1805191040039062
1594922400.0,0.123046875,2.7938003540039062
1594944000.0,0.5009765625,3.2366714477539062
1594965600.0,0.45166015625,3.9402847290039062
1594987200.0,0.64599609375,3.9627456665039062
1595008800.0,0.425048828125,4.666847229003906
1595030400.0,0.1884765625,4.765968322753906
1595052000.0,0.081298828125,5.050148010253906
1595073600.0,0.0035400390625,5.337257385253906
1595095200.0,0.056396484375,5.531593322753906
1595116800.0,0.254638671875,5.529640197753906
1595138400.0,0.35791015625,3.4798355102539062
1595160000.0,0.25048828125,3.7776870727539062
1595181600.0,0.2705078125,3.9993667602539062
1595203200.0,0.405029296875,3.9505386352539062
1595224800.0,0.44091796875,3.7972183227539062
1595246400.0,0.147705078125,3.8616714477539062
1595268000.0,0.10400390625,3.9603042602539062
1595289600.0,0.00341796875,3.9188003540039062
1595311200.0,2.545670702095706e-16,3.2381362915039062
1595332800.0,2.5355380704641765e-16,3.0330581665039062
1595354400.0,0.212646484375,2.6546401977539062
1595376000.0,0.301025390625,2.8709487915039062
1595397600.0,0.639404296875,3.5989761352539062
1595419200.0,0.53076171875,4.396827697753906
1595440800.0,0.239013671875,4.839942932128906
1595462400.0,0.332275390625,5.178565979003906
1595484000.0,0.485595703125,5.074073791503906
1595505600.0,0.065185546875,4.778175354003906
1595527200.0,0.174072265625,4.883644104003906
1595548800.0,0.3682861328125,3.1717300415039062
1595570400.0,0.094970703125,3.5704116821289062
1595592000.0,0.1822509765625,3.6456069946289062
1595613600.0,0.7685546875,3.9119644165039062
1595635200.0,0.8818359375,5.074562072753906
1595656800.0,0.488037109375,5.345558166503906
1595678400.0,0.043212890625,5.642921447753906
1595700000.0,0.275146484375,5.653175354003906
1595721600.0,0.37109375,3.6346206665039062
1595743200.0,0.5595703125,3.9563980102539062
1595764800.0,0.44921875,4.756690979003906
1595786400.0,0.43798828125,4.817726135253906
1595808000.0,0.291748046875,5.124855041503906
1595829600.0,0.974853515625,5.168800354003906
1595851200.0,0.623291015625,6.362648010253906
1595872800.0,0.783203125,5.712745666503906
1595894400.0,1.088134765625,4.892433166503906
1595916000.0,1.3779296875,5.268898010253906
1595937600.0,1.381591796875,5.664405822753906
1595959200.0,0.643798828125,5.601417541503906
1595980800.0,0.59765625,4.213233947753906
1596002400.0,0.528564453125,4.136573791503906
1596024000.0,0.0576171875,4.181495666503906
1596045600.0,0.30078125,2.7127456665039062
1596067200.0,0.525634765625,3.3270034790039062
1596088800.0,1.139404296875,4.832618713378906
1596110400.0,1.298583984375,5.672218322753906
1596132000.0,0.766357421875,5.712745666503906
1596153600.0,0.523193359375,5.613136291503906
1596175200.0,0.51513671875,4.612648010253906
1596196800.0,0.468994140625,4.652198791503906
1596218400.0,0.658935546875,4.737159729003906
1596240000.0,0.14111328125,5.184181213378906
1596261600.0,0.162841796875,5.245704650878906
1596283200.0,0.039794921875,5.252296447753906
1596304800.0,0.17041015625,5.256690979003906
1596326400.0,0.2275390625,3.5105972290039062
1596348000.0,0.253662109375,4.086769104003906
1596369600.0,0.072509765625,4.602882385253906
1596391200.0,0.116455078125,5.072120666503906
1596412800.0,0.087646484375,5.569190979003906
1596434400.0,0.22119140625,2.5735855102539062
1596456000.0,0.09033203125,2.8938980102539062
1596477600.0,2.55072113604371e-16,10.349464416503906
1596499200.0,0.313720703125,2.9524917602539062
1596520800.0,0.94921875,3.9397964477539062
1596542400.0,1.954345703125,6.176612854003906
1596564000.0,2.212890625,7.141700744628906
1596585600.0,1.599365234375,7.536964416503906
1596607200.0,0.398681640625,7.384132385253906
1596628800.0,1.371337890625,6.443702697753906
1596650400.0,0.209228515625,6.793312072753906
1596672000.0,2.539459833009964e-16,6.772804260253906
1596693600.0,0.070068359375,6.704933166503906
1596715200.0,0.444580078125,6.658546447753906
1596736800.0,0.719970703125,4.191749572753906
1596758400.0,0.662109375,4.559425354003906
1596780000.0,0.425048828125,4.338722229003906
1596801600.0,0.614013671875,3.8426284790039062
1596823200.0,0.259765625,4.504737854003906
1596844800.0,0.2578125,4.676612854003906
1596866400.0,0.20458984375,3.1351089477539062
1596888000.0,0.17822265625,3.0140151977539062
1596909600.0,0.240966796875,2.8855972290039062
1596931200.0,0.3876953125,2.9539566040039062
1596952800.0,0.4560546875,3.2820816040039062
1596974400.0,0.1259765625,3.5704116821289062
1596996000.0,2.539104079172117e-16,3.7051773071289062
1597017600.0,0.3369140625,2.9600601196289062
1597039200.0,0.11572265625,3.1409683227539062
1597060800.0,2.5286707508443123e-16,3.1150894165039062
1597082400.0,0.369384765625,2.8763198852539062
1597104000.0,0.055908203125,3.2300796508789062
1597125600.0,0.014892578125,3.1028823852539062
1597147200.0,2.5319678265914997e-16,2.9690933227539062
1597168800.0,0.15966796875,2.4097671508789062
1597190400.0,0.20263671875,2.6072769165039062
1597212000.0,0.10205078125,2.9827651977539062
1597233600.0,0.1875,2.9266128540039062
1597255200.0,0.57958984375,3.4495620727539062
1597276800.0,0.46044921875,3.9334487915039062
1597298400.0,0.223388671875,3.9002456665039062
1597320000.0,0.221435546875,3.2889175415039062
1597341600.0,0.098388671875,3.3567886352539062
1597363200.0,0.483642578125,3.5213394165039062
1597384800.0,0.298583984375,3.6497573852539062
1597406400.0,0.0599365234375,3.3624038696289062
1597428000.0,0.0301513671875,3.2806167602539062
1597449600.0,0.1103515625,2.4332046508789062
1597471200.0,0.238037109375,2.7088394165039062
1597492800.0,0.0419921875,3.5186538696289062
1597514400.0,2.552112387659575e-16,3.8560562133789062
1597536000.0,0.079833984375,2.2474136352539062
1597557600.0,0.290771484375,2.7483901977539062
1597579200.0,0.336669921875,3.2796401977539062
1597600800.0,0.062255859375,3.6321792602539062
1597622400.0,0.2568359375,2.7649917602539062
1597644000.0,0.358642578125,3.2227554321289062
1597665600.0,0.337646484375,3.3870620727539062
1597687200.0,0.038818359375,3.4437026977539062
1597708800.0,0.12109375,2.6600112915039062
1597730400.0,0.042724609375,3.1365737915039062
1597752000.0,0.093505859375,5.563819885253906
1597773600.0,0.31298828125,3.6897964477539062
1597795200.0,2.5430216065531683e-16,4.197608947753906
1597816800.0,0.18994140625,4.233253479003906
1597838400.0,0.428955078125,3.0569839477539062
1597860000.0,1.09130859375,4.733741760253906
1597881600.0,1.692138671875,5.261573791503906
1597903200.0,2.89501953125,8.330909729003906
1597924800.0,2.484619140625,8.124855041503906
1597946400.0,2.2265625,7.815284729003906
1597968000.0,2.1044921875,7.083351135253906
1597989600.0,2.37109375,7.904884338378906
1598011200.0,2.68798828125,8.358741760253906
1598032800.0,1.57177734375,8.563819885253906
1598054400.0,1.061279296875,8.173927307128906
1598076000.0,0.866455078125,5.935646057128906
1598097600.0,0.779541015625,5.536476135253906
1598119200.0,0.20166015625,6.019630432128906
1598140800.0,0.4638671875,6.424171447753906
1598162400.0,0.2137451171875,6.406349182128906
1598184000.0,0.57275390625,3.9605484008789062
1598205600.0,0.35205078125,4.195167541503906
1598227200.0,0.623779296875,3.6463394165039062
1598248800.0,0.23388671875,3.9700698852539062
1598270400.0,2.539104079172117e-16,3.9271011352539062
1598292000.0,0.11474609375,6.027198791503906
1598313600.0,0.726318359375,3.6138687133789062
1598335200.0,1.864501953125,5.287208557128906
1598356800.0,0.9921875,7.321632385253906
1598378400.0,0.41845703125,8.597999572753906
1598400000.0,1.31494140625,5.093849182128906
1598421600.0,0.522705078125,5.188819885253906
1598443200.0,0.1103515625,4.797950744628906
1598464800.0,0.051513671875,6.095314025878906
1598486400.0,2.5430216065531683e-16,6.118751525878906
1598508000.0,0.02294921875,5.323829650878906
1598529600.0,0.350341796875,3.3633804321289062
1598551200.0,0.23388671875,4.168556213378906
1598572800.0,0.379150390625,3.2791519165039062
1598594400.0,1.31494140625,4.427589416503906
1598616000.0,1.355712890625,5.671730041503906
1598637600.0,1.041015625,4.995948791503906
1598659200.0,1.012939453125,4.868507385253906
1598680800.0,1.11572265625,5.069679260253906
1598702400.0,1.069091796875,5.127784729003906
1598724000.0,0.9609375,4.949073791503906
1598745600.0,0.62158203125,4.666847229003906
1598767200.0,0.015380859375,4.595558166503906
1598788800.0,0.123291015625,4.484230041503906
1598810400.0,0.004638671875,2.7786636352539062
1598832000.0,0.022705078125,6.178565979003906
1598853600.0,0.146240234375,2.4505386352539062
1598875200.0,0.52685546875,3.0525894165039062
1598896800.0,0.671630859375,3.9305191040039062
1598918400.0,0.690673828125,4.297706604003906
1598940000.0,0.716796875,4.273780822753906
1598961600.0,1.021484375,4.682960510253906
1598983200.0,1.0478515625,5.061378479003906
1599004800.0,1.34912109375,5.229835510253906
1599026400.0,1.5654296875,5.733741760253906
1599048000.0,2.09033203125,6.405128479003906
1599069600.0,2.042724609375,7.048683166503906
1599091200.0,0.5703125,6.926612854003906
1599112800.0,0.69580078125,6.461280822753906
1599134400.0,0.70751953125,5.143409729003906
1599156000.0,0.73486328125,4.679542541503906
1599177600.0,0.78564453125,4.693214416503906
1599199200.0,1.0712890625,5.066261291503906
1599220800.0,0.94189453125,5.209815979003906
1599242400.0,0.71728515625,4.970558166503906
1599264000.0,1.150390625,4.721046447753906
1599285600.0,1.07958984375,5.101417541503906
1599307200.0,0.724365234375,5.039894104003906
1599328800.0,0.31689453125,4.673683166503906
1599350400.0,0.525634765625,3.7244644165039062
1599372000.0,0.334716796875,3.8831558227539062
1599393600.0,0.2607421875,3.3807144165039062
1599415200.0,0.01416015625,3.1160659790039062
1599436800.0,0.216552734375,2.6854019165039062
1599458400.0,0.747314453125,3.6692886352539062
1599480000.0,0.87158203125,4.737648010253906
1599501600.0,0.404052734375,5.117042541503906
1599523200.0,0.198974609375,5.165870666503906
1599544800.0,0.29931640625,5.122413635253906
1599566400.0,0.6181640625,3.7029800415039062
1599588000.0,0.743408203125,4.292823791503906
1599609600.0,0.647705078125,4.762550354003906
1599631200.0,0.7138671875,4.189796447753906
1599652800.0,0.685302734375,4.318214416503906
1599674400.0,0.6923828125,4.466163635253906
1599696000.0,0.32080078125,4.613624572753906
1599717600.0,0.19287109375,4.272804260253906
1599739200.0,0.353759765625,2.8265151977539062
1599760800.0,0.6650390625,3.7620620727539062
1599782400.0,1.020751953125,4.364112854003906
1599804000.0,1.50537109375,5.226905822753906
1599825600.0,1.439697265625,5.826515197753906
1599847200.0,0.7490234375,6.183448791503906
1599868800.0,0.80224609375,5.999855041503906
1599890400.0,1.135986328125,5.114601135253906
1599912000.0,1.097900390625,5.316749572753906
1599933600.0,1.08837890625,4.914894104003906
1599955200.0,1.891845703125,6.361183166503906
1599976800.0,1.409912109375,6.511573791503906
1599998400.0,1.41796875,6.156593322753906
1600020000.0,1.405517578125,6.274269104003906
1600041600.0,0.968505859375,6.238624572753906
1600063200.0,0.27587890625,5.822120666503906
1600084800.0,0.15771484375,5.334815979003906
1600106400.0,0.130126953125,5.047706604003906
1600128000.0,0.111328125,4.615089416503906
1600149600.0,0.14697265625,2.5247573852539062
1600171200.0,2.541283071428929e-16,2.5135269165039062
1600192800.0,2.5485124976337443e-16,2.5125503540039062
1600214400.0,0.010986328125,2.1019058227539062
1600236000.0,0.140625,2.5594253540039062
1600257600.0,0.65185546875,3.8880386352539062
1600279200.0,0.5830078125,3.8763198852539062
1600300800.0,0.54638671875,3.7229995727539062
1600322400.0,0.55615234375,4.211769104003906
1600344000.0,0.465087890625,4.523780822753906
1600365600.0,0.075927734375,4.563331604003906
1600387200.0,0.2568359375,3.0135269165039062
1600408800.0,0.38232421875,3.7288589477539062
1600430400.0,0.208984375,4.283058166503906
1600452000.0,0.237548828125,2.9783706665039062
1600473600.0,0.771484375,4.157569885253906
1600495200.0,0.74267578125,4.311866760253906
1600516800.0,0.71923828125,4.374855041503906
1600538400.0,0.257080078125,4.153663635253906
1600560000.0,0.610595703125,3.8055191040039062
1600581600.0,0.544189453125,3.9095230102539062
1600603200.0,0.058837890625,4.011573791503906
1600624800.0,2.5414037736239126e-16,4.052589416503906
1600646400.0,0.03466796875,15.154151916503906
1600668000.0,0.09619140625,2.4603042602539062
1600689600.0,0.227783203125,2.5940933227539062
1600711200.0,0.078125,2.9690933227539062
1600732800.0,0.219482421875,2.6448745727539062
1600754400.0,0.50439453125,3.0052261352539062
1600776000.0,1.161376953125,4.785987854003906
1600797600.0,1.168212890625,5.213722229003906
1600819200.0,0.557373046875,5.724464416503906
1600840800.0,0.807861328125,4.547218322753906
1600862400.0,0.490234375,4.500831604003906
1600884000.0,0.186279296875,3.9349136352539062
1600905600.0,0.069091796875,3.7347183227539062
1600927200.0,0.67236328125,3.3294448852539062
1600948800.0,1.04296875,4.779640197753906
1600970400.0,1.048095703125,4.456398010253906
1600992000.0,0.8369140625,5.045753479003906
1601013600.0,0.93505859375,4.717140197753906
1601035200.0,1.32080078125,5.124366760253906
1601056800.0,1.925537109375,6.128761291503906
1601078400.0,1.4375,6.132179260253906
1601100000.0,1.393310546875,5.582374572753906
1601121600.0,0.97509765625,5.584327697753906
1601143200.0,0.6505126953125,4.658058166503906
1601164800.0,0.2720947265625,4.235694885253906
1601186400.0,0.044677734375,3.8919448852539062
1601208000.0,2.5426362065621676e-16,3.4510269165039062
1601229600.0,0.06982421875,2.3592300415039062
1601251200.0,0.199462890625,2.5672378540039062
1601272800.0,0.643798828125,3.5960464477539062
1601294400.0,0.264404296875,3.9339370727539062
1601316000.0,0.1513671875,3.9261245727539062
1601337600.0,0.263427734375,2.7527847290039062
1601359200.0,0.01806640625,3.0789566040039062
1601380800.0,0.133056640625,2.4197769165039062
1601402400.0,0.603515625,3.2645034790039062
1601424000.0,1.69384765625,5.315773010253906
1601445600.0,2.408935546875,6.806983947753906
1601467200.0,0.41064453125,7.580909729003906
1601488800.0,0.768310546875,7.517433166503906
1601510400.0,0.594482421875,4.653175354003906
1601532000.0,0.575439453125,4.040382385253906
1601553600.0,2.5384878627029896e-16,4.005226135253906
1601575200.0,0.035888671875,7.481300354003906
1601596800.0,0.244384765625,2.6666030883789062
1601618400.0,0.380615234375,3.2427749633789062
1601640000.0,0.4375,3.6014175415039062
1601661600.0,0.5650634765625,3.9168472290039062
1601683200.0,0.6318359375,4.207618713378906
1601704800.0,0.74853515625,4.271339416503906
1601726400.0,0.712646484375,4.333839416503906
1601748000.0,1.041015625,4.653175354003906
1601769600.0,1.988037109375,5.864112854003906
1601791200.0,1.97802734375,6.488136291503906
1601812800.0,0.44775390625,6.271339416503906
1601834400.0,0.325439453125,6.035011291503906
1601856000.0,0.328369140625,3.5081558227539062
1601877600.0,0.5008544921875,3.5638198852539062
1601899200.0,0.36376953125,3.5984878540039062
1601920800.0,0.7955322265625,4.055519104003906
1601942400.0,0.3797607421875,4.537452697753906
1601964000.0,0.203125,4.292335510253906
1601985600.0,0.547119140625,5.704444885253906
1602007200.0,1.0364990234375,4.379249572753906
1602028800.0,1.447998046875,5.277687072753906
1602050400.0,1.363525390625,5.605323791503906
1602072000.0,0.91064453125,5.413917541503906
1602093600.0,0.06298828125,5.186622619628906
1602115200.0,0.32763671875,2.8875503540039062
1602136800.0,0.6435546875,4.321632385253906
1602158400.0,0.498779296875,7.320167541503906
1602180000.0,0.586669921875,4.260108947753906
1602201600.0,1.11572265625,4.064308166503906
1602223200.0,1.017578125,5.538917541503906
1602244800.0,1.0771484375,5.113868713378906
1602266400.0,1.326416015625,5.170265197753906
1602288000.0,1.19140625,5.370948791503906
1602309600.0,1.444091796875,5.262794494628906
1602331200.0,1.4150390625,5.673683166503906
1602352800.0,1.55517578125,5.670509338378906
1602374400.0,1.29150390625,5.655128479003906
1602396000.0,1.309814453125,5.549171447753906
1602417600.0,0.848388671875,5.183937072753906
1602439200.0,0.209228515625,4.533302307128906
1602460800.0,0.168212890625,2.6966323852539062
1602482400.0,0.860595703125,3.9451675415039062
1602504000.0,1.46826171875,4.578468322753906
1602525600.0,1.593505859375,5.786964416503906
1602547200.0,1.220703125,5.718116760253906
1602568800.0,0.778564453125,4.787452697753906
1602590400.0,0.935791015625,4.387550354003906
1602612000.0,1.33935546875,5.257179260253906
1602633600.0,1.417724609375,5.593605041503906
1602655200.0,0.8564453125,5.394874572753906
1602676800.0,0.56787109375,4.537940979003906
1602698400.0,0.52392578125,3.6023941040039062
1602720000.0,0.737548828125,4.312843322753906
1602741600.0,0.546630859375,4.151222229003906
1602763200.0,0.495361328125,3.8592300415039062
1602784800.0,0.27587890625,3.4251480102539062
1602806400.0,0.595947265625,3.5975112915039062
1602828000.0,0.4443359375,3.7752456665039062
1602849600.0,0.580078125,3.6004409790039062
1602871200.0,0.322509765625,3.7371597290039062
1602892800.0,0.450927734375,3.4046401977539062
1602914400.0,0.481201171875,3.6658706665039062
1602936000.0,0.4931640625,3.5213394165039062
1602957600.0,0.50634765625,3.6097183227539062
1602979200.0,0.5439453125,3.8816909790039062
1603000800.0,0.348876953125,3.7635269165039062
1603022400.0,0.107421875,8.283058166503906
1603044000.0,0.3681640625,3.0433120727539062
1603065600.0,0.94482421875,4.376808166503906
1603087200.0,1.7119140625,5.884620666503906
1603108800.0,1.89599609375,6.355812072753906
1603130400.0,1.92431640625,6.836769104003906
1603152000.0,1.2578125,6.084327697753906
1603173600.0,1.3773193359375,5.975929260253906
1603195200.0,1.8829345703125,6.552589416503906
1603216800.0,3.140380859375,8.305030822753906
1603238400.0,2.189697265625,8.340675354003906
1603260000.0,1.397705078125,6.305519104003906
1603281600.0,0.40771484375,5.777687072753906
1603303200.0,0.919189453125,4.154151916503906
1603324800.0,1.453369140625,5.256202697753906
1603346400.0,1.5380859375,5.696144104003906
1603368000.0,1.124267578125,5.529640197753906
1603389600.0,0.4169921875,5.055030822753906
1603411200.0,0.997802734375,4.296241760253906
1603432800.0,1.594970703125,5.766456604003906
1603454400.0,0.732666015625,6.298194885253906
1603476000.0,0.967041015625,4.927589416503906
1603497600.0,2.3486328125,6.233497619628906
1603519200.0,3.7900390625,8.383399963378906
1603540800.0,1.488525390625,8.434425354003906
1603562400.0,1.493408203125,6.279151916503906
1603584000.0,1.8056640625,6.220069885253906
1603605600.0,1.98095703125,7.030860900878906
1603627200.0,2.175048828125,7.174659729003906
1603648800.0,1.909423828125,6.373878479003906
1603670400.0,1.9677734375,6.423194885253906
1603692000.0,1.34423828125,6.617774963378906
1603713600.0,1.791015625,5.810890197753906
1603735200.0,1.497314453125,6.097999572753906
1603756800.0,0.9052734375,5.394874572753906
1603778400.0,0.584716796875,4.105323791503906
1603800000.0,0.9287109375,6.009132385253906
1603821600.0,1.19189453125,5.811866760253906
1603843200.0,1.8271484375,6.253761291503906
1603864800.0,1.8740234375,6.542335510253906
1603886400.0,1.843505859375,6.691749572753906
1603908000.0,1.638671875,6.256690979003906
1603929600.0,1.6162109375,6.313331604003906
1603951200.0,0.86083984375,6.130226135253906
1603972800.0,1.701904296875,6.373390197753906
1603994400.0,2.0224609375,7.564308166503906
1604016000.0,2.227783203125,8.019874572753906
1604037600.0,0.684326171875,8.201026916503906
1604059200.0,0.71533203125,8.199562072753906
1604080800.0,0.236328125,8.313819885253906
1604102400.0,1.060546875,4.036476135253906
1604124000.0,3.407470703125,7.199073791503906
1604145600.0,3.203125,8.927101135253906
1604167200.0,2.781005859375,7.941749572753906
1604188800.0,2.22998046875,7.037452697753906
1604210400.0,3.533203125,8.431495666503906
1604232000.0,2.390625,8.209815979003906
1604253600.0,1.208984375,7.642921447753906
1604275200.0,0.70703125,9.100929260253906
1604296800.0,1.219970703125,9.439308166503906
1604318400.0,1.135986328125,6.178077697753906
1604340000.0,1.251708984375,7.110694885253906
1604361600.0,2.0341796875,6.841651916503906
1604383200.0,0.898681640625,6.203956604003906
1604404800.0,1.040771484375,4.822608947753906
1604426400.0,0.792236328125,4.679542541503906
1604448000.0,0.746826171875,4.457374572753906
1604469600.0,0.914794921875,4.660987854003906
1604491200.0,0.901611328125,4.741554260253906
1604512800.0,0.517822265625,4.812843322753906
1604534400.0,0.59228515625,3.6126480102539062
1604556000.0,0.525634765625,3.9954605102539062
1604577600.0,0.0234375,4.068702697753906
1604599200.0,2.5430216065531683e-16,3.9554214477539062
1604620800.0,0.056396484375,11.819679260253906
1604642400.0,0.21044921875,2.5701675415039062
1604664000.0,0.6416015625,3.5511245727539062
1604685600.0,0.834716796875,4.307960510253906
1604707200.0,0.737060546875,4.680030822753906
1604728800.0,0.347900390625,4.675148010253906
1604750400.0,0.5947265625,3.6448745727539062
1604772000.0,0.56591796875,3.9290542602539062
1604793600.0,0.62060546875,4.243995666503906
1604815200.0,0.841552734375,4.517921447753906
1604836800.0,0.73828125,4.653175354003906
1604858400.0,0.322265625,4.538429260253906
1604880000.0,0.193603515625,4.414894104003906
1604901600.0,0.471923828125,3.4100112915039062
1604923200.0,0.58740234375,3.9651870727539062
1604944800.0,0.52490234375,4.131202697753906
1604966400.0,0.353515625,3.9876480102539062
1604988000.0,0.36474609375,8.095069885253906
1605009600.0,0.70654296875,4.053077697753906
1605031200.0,1.079833984375,4.729835510253906
1605052800.0,1.803466796875,5.947853088378906
1605074400.0,2.521484375,6.793800354003906
1605096000.0,2.81787109375,7.288917541503906
1605117600.0,2.856689453125,7.782569885253906
1605139200.0,0.810546875,8.180519104003906
1605160800.0,1.182373046875,5.767433166503906
1605182400.0,1.317626953125,5.388038635253906
1605204000.0,2.3935546875,6.880226135253906
1605225600.0,2.963623046875,7.836769104003906
1605247200.0,1.53076171875,8.206886291503906
1605268800.0,1.65234375,6.238624572753906
1605290400.0,1.5284423828125,6.196144104003906
1605312000.0,1.490966796875,6.265480041503906
1605333600.0,1.51611328125,6.380226135253906
1605355200.0,1.508544921875,5.863624572753906
1605376800.0,2.792236328125,7.167335510253906
1605398400.0,2.6025390625,8.251808166503906
1605420000.0,1.33447265625,7.938331604003906
1605441600.0,1.886962890625,7.765968322753906
1605463200.0,1.41650390625,6.195167541503906
1605484800.0,1.321533203125,5.628273010253906
1605506400.0,1.593994140625,5.921241760253906
1605528000.0,1.213623046875,5.648292541503906
1605549600.0,1.30712890625,5.884620666503906
1605571200.0,1.71142578125,6.245948791503906
1605592800.0,1.9091796875,6.802101135253906
1605614400.0,1.719482421875,6.991554260253906
1605636000.0,2.0380859375,6.884132385253906
1605657600.0,2.5390625,7.527198791503906
1605679200.0,3.16943359375,7.863136291503906
1605700800.0,1.57080078125,8.229835510253906
1605722400.0,2.428955078125,7.028175354003906
1605744000.0,1.57177734375,7.665870666503906
1605765600.0,1.83154296875,5.889991760253906
1605787200.0,0.911376953125,6.050636291503906
1605808800.0,0.4259033203125,4.778175354003906
1605830400.0,0.54248046875,3.5267105102539062
1605852000.0,1.215576171875,5.262550354003906
1605873600.0,1.257568359375,5.742042541503906
1605895200.0,1.3515625,5.895362854003906
1605916800.0,1.602783203125,6.179054260253906
1605938400.0,1.594482421875,6.692237854003906
1605960000.0,0.995849609375,7.159034729003906
1605981600.0,1.065673828125,5.205421447753906
1606003200.0,1.24755859375,5.217628479003906
1606024800.0,1.152587890625,5.146339416503906
1606046400.0,1.005126953125,5.083839416503906
1606068000.0,1.0048828125,4.887550354003906
1606089600.0,0.847900390625,4.717140197753906
1606111200.0,0.80810546875,4.365577697753906
1606132800.0,1.9453125,5.820655822753906
1606154400.0,2.274169921875,6.803565979003906
1606176000.0,2.203125,7.480812072753906
1606197600.0,1.93994140625,7.397804260253906
1606219200.0,2.847412109375,7.399269104003906
1606240800.0,0.665283203125,7.659523010253906
1606262400.0,0.3095703125,7.473487854003906
1606284000.0,0.410888671875,6.990821838378906
1606305600.0,0.5283203125,3.6331558227539062
1606327200.0,0.64990234375,3.9266128540039062
1606348800.0,0.347900390625,4.166358947753906
1606370400.0,0.250244140625,3.6287612915039062
1606392000.0,0.116455078125,6.363624572753906
1606413600.0,0.17724609375,6.364112854003906
1606435200.0,0.20751953125,2.7527847290039062
1606456800.0,0.03125,2.9466323852539062
1606478400.0,0.046142578125,16.841651916503906
1606500000.0,0.048583984375,16.792335510253906
1606521600.0,0.587158203125,3.6116714477539062
1606543200.0,0.760009765625,4.336280822753906
1606564800.0,0.663330078125,4.649757385253906
1606586400.0,0.784423828125,4.391456604003906
1606608000.0,0.18408203125,4.542335510253906
1606629600.0,0.106201171875,4.332862854003906
1606651200.0,2.5485124976337443e-16,13.014991760253906
1606672800.0,0.17041015625,2.5945816040039062
1606694400.0,0.544677734375,3.2620620727539062
1606716000.0,1.00390625,4.197608947753906
1606737600.0,1.377197265625,5.609230041503906
1606759200.0,1.5244140625,5.643409729003906
1606780800.0,0.9287109375,5.529640197753906
1606802400.0,0.19091796875,4.996437072753906
1606824000.0,0.066162109375,4.529151916503906
1606845600.0,0.227294921875,2.6941909790039062
1606867200.0,0.36669921875,2.9632339477539062
1606888800.0,0.728515625,3.5823745727539062
1606910400.0,1.09619140625,4.701515197753906
1606932000.0,1.24462890625,5.056007385253906
1606953600.0,1.593017578125,5.691261291503906
1606975200.0,0.86474609375,5.815284729003906
1606996800.0,0.1240234375,5.787940979003906
1607018400.0,0.478271484375,3.0989761352539062
1607040000.0,1.380615234375,4.845558166503906
1607061600.0,1.608154296875,5.661964416503906
1607083200.0,1.666259765625,6.859718322753906
1607104800.0,2.79931640625,6.955909729003906
1607126400.0,2.91552734375,7.588722229003906
1607148000.0,1.809326171875,6.754737854003906
1607169600.0,0.820556640625,5.615577697753906
1607191200.0,0.520751953125,4.346534729003906
1607212800.0,0.31103515625,3.7718276977539062
1607234400.0,0.31005859375,3.2923355102539062
1607256000.0,0.0703125,3.3089370727539062
1607277600.0,0.0849609375,3.1287612915039062
1607299200.0,0.284912109375,2.9114761352539062
1607320800.0,0.304931640625,2.9783706665039062
1607342400.0,0.311767578125,3.1521987915039062
1607364000.0,0.70166015625,3.6185073852539062
1607385600.0,1.16943359375,4.739601135253906
1607407200.0,1.5478515625,5.355812072753906
1607428800.0,1.7529296875,6.122413635253906
1607450400.0,2.0472412109375,6.436866760253906
1607472000.0,1.586181640625,6.246437072753906
1607493600.0,0.68310546875,5.710304260253906
1607515200.0,0.534423828125,3.3543472290039062
1607536800.0,1.369384765625,4.809913635253906
1607558400.0,1.6376953125,5.924171447753906
1607580000.0,1.16162109375,6.142921447753906
1607601600.0,0.93603515625,5.253273010253906
1607623200.0,1.5341796875,5.598976135253906
1607644800.0,1.440185546875,6.312355041503906
1607666400.0,0.083251953125,6.276222229003906
1607688000.0,2.5260809476080823e-16,6.184913635253906
1607709600.0,2.545638938360184e-16,6.184425354003906
1607731200.0,0.56201171875,3.2576675415039062
1607752800.0,0.94873046875,4.444679260253906
1607774400.0,0.875244140625,4.681983947753906
1607796000.0,0.273193359375,4.629249572753906
1607817600.0,0.30712890625,2.9212417602539062
1607839200.0,1.779541015625,5.367042541503906
1607860800.0,2.386962890625,6.910011291503906
1607882400.0,1.936767578125,7.426124572753906
1607904000.0,2.4560546875,7.502296447753906
1607925600.0,2.099609375,8.063819885253906
1607947200.0,1.607666015625,7.768409729003906
1607968800.0,1.7080078125,6.619483947753906
1607990400.0,1.695068359375,6.988624572753906
1608012000.0,1.310546875,6.628761291503906
1608033600.0,1.359619140625,6.226905822753906
1608055200.0,0.962646484375,6.513038635253906
1608076800.0,1.44091796875,5.950050354003906
1608098400.0,2.7001953125,6.391456604003906
1608120000.0,3.3955078125,8.236183166503906
1608141600.0,1.74169921875,8.036964416503906
1608163200.0,1.096923828125,6.569435119628906
1608184800.0,1.245849609375,5.583351135253906
1608206400.0,1.034423828125,5.638038635253906
1608228000.0,2.27001953125,6.337013244628906
1608249600.0,1.9658203125,7.716163635253906
1608271200.0,1.38330078125,7.741065979003906
1608292800.0,2.75927734375,7.258644104003906
1608314400.0,1.302734375,8.160011291503906
1608336000.0,1.1337890625,7.849952697753906
1608357600.0,1.5877685546875,6.392921447753906
1608379200.0,2.54931640625,7.406105041503906
1608400800.0,2.151611328125,8.080909729003906
1608422400.0,1.772216796875,7.377296447753906
1608444000.0,1.47265625,6.237648010253906
1608465600.0,1.355224609375,5.813819885253906
1608487200.0,1.654541015625,5.957374572753906
1608508800.0,1.537109375,6.311378479003906
1608530400.0,0.434814453125,6.170265197753906
1608552000.0,0.74951171875,4.073097229003906
1608573600.0,0.4718017578125,4.673683166503906
1608595200.0,0.759765625,4.796241760253906
1608616800.0,0.5753173828125,4.256202697753906
1608638400.0,0.218017578125,9.096046447753906
1608660000.0,0.0712890625,9.128761291503906
1608681600.0,0.30810546875,9.085304260253906
1608703200.0,0.51904296875,3.6609878540039062
1608724800.0,1.2490234375,4.891944885253906
1608746400.0,1.56884765625,5.712745666503906
1608768000.0,1.56005859375,5.858253479003906
1608789600.0,1.90576171875,6.038429260253906
1608811200.0,1.50634765625,6.302589416503906
1608832800.0,1.16552734375,5.598976135253906
1608854400.0,0.7861328125,5.110694885253906
1608876000.0,0.350830078125,4.571144104003906
1608897600.0,0.703857421875,3.4939956665039062
1608919200.0,1.138916015625,4.655128479003906
1608940800.0,1.4697265625,5.653663635253906
1608962400.0,1.3974609375,5.542335510253906
1608984000.0,2.318359375,6.321144104003906
1609005600.0,3.0458984375,7.385597229003906
1609027200.0,2.432861328125,8.391944885253906
1609048800.0,1.951171875,6.490089416503906
1609070400.0,1.832275390625,6.525733947753906
1609092000.0,1.132080078125,6.087745666503906
1609113600.0,0.843017578125,5.762062072753906
1609135200.0,0.9765625,4.082374572753906
1609156800.0,0.11083984375,4.694190979003906
1609178400.0,0.071533203125,14.653175354003906
1609200000.0,0.390625,3.1517105102539062
1609221600.0,1.0185546875,4.428077697753906
1609243200.0,1.0987548828125,5.092628479003906
1609264800.0,1.259033203125,5.135597229003906
1609286400.0,1.119873046875,5.573585510253906
1609308000.0,0.738525390625,4.829444885253906
1609329600.0,0.47412109375,4.214210510253906
1609351200.0,0.6142578125,3.7659683227539062
1609372800.0,0.7822265625,4.389503479003906
1609394400.0,1.0,4.895362854003906
1609416000.0,0.728271484375,4.361183166503906
1609437600.0,0.781982421875,4.550636291503906
1609459200.0,1.20849609375,5.062843322753906
1609480800.0,1.071533203125,5.166358947753906
1609502400.0,0.8759765625,4.884132385253906
1609524000.0,0.80419921875,4.545265197753906
1609545600.0,0.803466796875,4.703956604003906
1609567200.0,0.7783203125,4.566261291503906
1609588800.0,0.563720703125,4.530616760253906
1609610400.0,0.6982421875,4.252296447753906
1609632000.0,0.67431640625,4.288917541503906
1609653600.0,0.807861328125,4.545265197753906
1609675200.0,0.791259765625,4.592628479003906
1609696800.0,0.85400390625,4.535987854003906
1609718400.0,0.99853515625,4.815773010253906
1609740000.0,1.061279296875,5.012550354003906
1609761600.0,1.121337890625,5.162940979003906
1609783200.0,1.11474609375,5.123878479003906
1609804800.0,0.888916015625,5.032081604003906
1609826400.0,0.899169921875,4.695655822753906
1609848000.0,0.92431640625,4.743507385253906
1609869600.0,0.946044921875,4.800636291503906
1609891200.0,0.770751953125,4.647804260253906
1609912800.0,0.646728515625,4.365577697753906
1609934400.0,0.163818359375,4.065773010253906
1609956000.0,0.02734375,3.6253433227539062
1609977600.0,0.130859375,2.4134292602539062
1609999200.0,0.502685546875,3.1063003540039062
1610020800.0,0.585205078125,3.4236831665039062
1610042400.0,0.5889892578125,4.300148010253906
1610064000.0,0.565185546875,4.168312072753906
1610085600.0,0.9736328125,4.765968322753906
1610107200.0,0.8369140625,4.892433166503906
1610128800.0,0.498046875,4.576026916503906
1610150400.0,0.07861328125,4.208351135253906
1610172000.0,0.021484375,3.8885269165039062
1610193600.0,0.400634765625,2.7010269165039062
1610215200.0,0.8603515625,4.018409729003906
1610236800.0,0.82373046875,4.559425354003906
1610258400.0,0.726318359375,4.525245666503906
1610280000.0,0.805908203125,4.331398010253906
1610301600.0,0.94091796875,4.612159729003906
1610323200.0,1.165771484375,5.149269104003906
1610344800.0,1.397216796875,5.439796447753906
1610366400.0,1.458251953125,5.777687072753906
1610388000.0,0.9410400390625,6.035499572753906
1610409600.0,0.7989501953125,6.133644104003906
1610431200.0,0.4696044921875,6.268898010253906
1610452800.0,0.0877685546875,6.395851135253906
1610474400.0,2.5485124976337443e-16,6.313331604003906
1610496000.0,0.234130859375,6.253761291503906
1610517600.0,0.325439453125,3.3865737915039062
1610539200.0,0.1064453125,3.6692886352539062
1610560800.0,0.28857421875,6.150733947753906
1610582400.0,0.38232421875,4.664894104003906
1610604000.0,0.120361328125,5.820167541503906
1610625600.0,0.54052734375,3.5687026977539062
1610647200.0,0.10791015625,3.9715347290039062
1610668800.0,2.5384878627029896e-16,3.9139175415039062
1610690400.0,0.072998046875,6.369972229003906
1610712000.0,0.651123046875,3.2869644165039062
1610733600.0,1.63623046875,5.210792541503906
1610755200.0,2.958251953125,6.984718322753906
1610776800.0,1.01904296875,8.224952697753906
1610798400.0,1.135986328125,7.694679260253906
1610820000.0,1.2255859375,5.206398010253906
1610841600.0,1.4609375,5.293800354003906
1610863200.0,1.2197265625,5.621437072753906
1610884800.0,0.91650390625,4.936378479003906
1610906400.0,1.0965576171875,4.797218322753906
1610928000.0,1.31884765625,5.258644104003906
1610949600.0,1.382568359375,5.547218322753906
1610971200.0,1.105712890625,5.469093322753906
1610992800.0,0.718994140625,5.126808166503906
1611014400.0,0.3623046875,5.060401916503906
1611036000.0,0.10107421875,5.435401916503906
1611057600.0,0.155517578125,6.397315979003906
1611079200.0,0.891357421875,6.974952697753906
1611100800.0,0.1181640625,7.543312072753906
1611122400.0,0.278076171875,7.746437072753906
1611144000.0,0.412841796875,7.762550354003906
1611165600.0,0.4013671875,8.279151916503906
1611187200.0,1.111572265625,4.368507385253906
1611208800.0,1.770263671875,5.776710510253906
1611230400.0,1.758544921875,6.057960510253906
1611252000.0,1.4833984375,5.875343322753906
1611273600.0,1.376220703125,5.641456604003906
1611295200.0,1.14697265625,5.470558166503906
1611316800.0,0.8818359375,4.814796447753906
1611338400.0,0.660400390625,4.481300354003906
1611360000.0,0.68994140625,4.189796447753906
1611381600.0,0.7919921875,4.243019104003906
1611403200.0,0.805908203125,4.641456604003906
1611424800.0,0.3642578125,4.609718322753906
1611446400.0,0.05615234375,4.212257385253906
1611468000.0,0.050048828125,9.154151916503906
1611489600.0,0.220947265625,4.478858947753906
1611511200.0,0.235595703125,5.068214416503906
1611532800.0,0.765869140625,3.6561050415039062
1611554400.0,0.98193359375,4.713722229003906
1611576000.0,1.03857421875,5.017921447753906
1611597600.0,0.654296875,4.598487854003906
1611619200.0,0.54296875,4.188331604003906
1611640800.0,0.607666015625,4.195167541503906
1611662400.0,1.75244140625,5.755714416503906
1611684000.0,0.24267578125,6.389503479003906
1611705600.0,0.4638671875,6.419776916503906
1611727200.0,0.40380859375,6.381690979003906
1611748800.0,2.539104079172117e-16,7.470558166503906
1611770400.0,0.114990234375,7.496437072753906
1611792000.0,1.19775390625,4.368995666503906
1611813600.0,1.875244140625,5.866554260253906
1611835200.0,0.218505859375,5.724464416503906
1611856800.0,0.240234375,5.113136291503906
1611878400.0,0.638916015625,5.528175354003906
1611900000.0,0.5419921875,6.151222229003906
1611921600.0,0.208984375,6.330909729003906
1611943200.0,0.547607421875,3.3025894165039062
1611964800.0,1.51318359375,5.059425354003906
1611986400.0,2.15869140625,6.202003479003906
1612008000.0,2.20263671875,6.751319885253906
1612029600.0,1.72607421875,6.209815979003906
1612051200.0,1.43994140625,5.856788635253906
1612072800.0,1.48095703125,5.677101135253906
1612094400.0,1.8701171875,6.073585510253906
1612116000.0,1.684814453125,6.195167541503906
1612137600.0,1.125244140625,5.822608947753906
1612159200.0,0.714599609375,5.193214416503906
1612180800.0,0.68017578125,4.430519104003906
1612202400.0,1.1357421875,4.564308166503906
1612224000.0,1.997314453125,5.737159729003906
1612245600.0,2.440673828125,6.850929260253906
1612267200.0,2.097900390625,6.547218322753906
1612288800.0,1.780517578125,5.962745666503906
1612310400.0,1.532958984375,5.980812072753906
1612332000.0,0.899658203125,6.024757385253906
1612353600.0,1.011474609375,6.122413635253906
1612375200.0,0.700439453125,5.568702697753906
1612396800.0,0.99365234375,5.337745666503906
1612418400.0,1.47509765625,5.584815979003906
1612440000.0,1.2861328125,6.581886291503906
1612461600.0,1.415771484375,6.126319885253906
1612483200.0,1.0712890625,5.400245666503906
1612504800.0,0.726806640625,4.577491760253906
1612526400.0,0.55615234375,4.313331604003906
1612548000.0,0.65771484375,3.7581558227539062
1612569600.0,1.0087890625,4.368507385253906
1612591200.0,1.24658203125,5.157081604003906
1612612800.0,1.3330078125,5.186866760253906
1612634400.0,1.395263671875,5.390235900878906
1612656000.0,1.61181640625,5.564796447753906
1612677600.0,1.7392578125,5.938819885253906
1612699200.0,1.73583984375,6.075538635253906
1612720800.0,1.685791015625,5.844581604003906
1612742400.0,1.615234375,6.031593322753906
1612764000.0,1.44140625,5.633888244628906
1612785600.0,1.535888671875,5.779640197753906
1612807200.0,1.4794921875,5.640968322753906
1612828800.0,1.529296875,5.727394104003906
1612850400.0,1.419921875,5.586036682128906
1612872000.0,1.314697265625,5.561622619628906
1612893600.0,1.27734375,5.230812072753906
1612915200.0,1.36181640625,5.678077697753906
1612936800.0,1.029541015625,5.175148010253906
1612958400.0,0.9482421875,4.861671447753906
1612980000.0,0.871337890625,4.634620666503906
1613001600.0,1.20556640625,4.808937072753906
1613023200.0,1.66357421875,5.688331604003906
1613044800.0,2.193115234375,6.291358947753906
1613066400.0,2.30322265625,6.708839416503906
1613088000.0,2.502685546875,6.858253479003906
1613109600.0,2.49951171875,6.903175354003906
1613131200.0,2.54736328125,6.874855041503906
1613152800.0,2.760009765625,6.959327697753906
1613174400.0,3.158447265625,7.452003479003906
1613196000.0,3.38720703125,7.617530822753906
1613217600.0,3.3095703125,7.862159729003906
1613239200.0,2.897705078125,7.695167541503906
1613260800.0,2.92578125,7.690284729003906
1613282400.0,2.889892578125,7.626319885253906
1613304000.0,3.622314453125,8.184913635253906
1613325600.0,2.85595703125,9.097023010253906
1613347200.0,1.349609375,8.585304260253906
1613368800.0,1.19921875,6.051124572753906
1613390400.0,1.810791015625,6.300636291503906
1613412000.0,1.240478515625,6.384132385253906
1613433600.0,2.0439453125,6.369972229003906
1613455200.0,2.45068359375,7.517433166503906
1613476800.0,1.693359375,7.351905822753906
1613498400.0,0.462890625,6.576026916503906
1613520000.0,1.40478515625,5.354347229003906
1613541600.0,2.291015625,7.479347229003906
1613563200.0,1.7431640625,7.298683166503906
1613584800.0,1.732421875,6.506690979003906
1613606400.0,1.94384765625,6.193702697753906
1613628000.0,1.67578125,8.864112854003906
1613649600.0,1.978271484375,6.691261291503906
1613671200.0,1.07861328125,6.723487854003906
1613692800.0,1.489013671875,5.754249572753906
1613714400.0,3.6513671875,7.630226135253906
1613736000.0,3.759765625,8.678077697753906
1613757600.0,3.627197265625,9.106788635253906
1613779200.0,1.784912109375,8.581886291503906
1613800800.0,0.970947265625,6.496925354003906
1613822400.0,2.06494140625,5.962257385253906
1613844000.0,4.0830078125,8.609230041503906
1613865600.0,2.3720703125,8.811866760253906
1613887200.0,1.942626953125,7.393898010253906
1613908800.0,1.278564453125,6.525733947753906
1613930400.0,0.95361328125,5.681983947753906
1613952000.0,0.4287109375,5.195167541503906
1613973600.0,0.164794921875,10.809913635253906
1613995200.0,0.406494140625,10.358253479003906
1614016800.0,1.067138671875,4.415382385253906
1614038400.0,2.459716796875,6.287452697753906
1614060000.0,3.239990234375,7.595069885253906
1614081600.0,5.02978515625,9.230812072753906
1614103200.0,3.474365234375,9.660987854003906
1614124800.0,2.842529296875,8.916847229003906
1614146400.0,2.181884765625,7.675148010253906
1614168000.0,1.652099609375,6.778175354003906
1614189600.0,0.9814453125,6.030128479003906
1614211200.0,0.7265625,10.660987854003906
1614232800.0,0.965087890625,4.930519104003906
1614254400.0,0.769287109375,4.985206604003906
1614276000.0,0.292724609375,10.412452697753906
1614297600.0,0.3349609375,10.183448791503906
1614319200.0,0.348876953125,9.999855041503906
1614340800.0,0.259521484375,9.780128479003906
1614362400.0,0.603271484375,3.8821792602539062
1614384000.0,0.437744140625,4.418800354003906
1614405600.0,0.223388671875,4.531593322753906
1614427200.0,0.049560546875,4.435401916503906
1614448800.0,2.514953052263529e-16,4.302101135253906
1614470400.0,0.080078125,4.078956604003906
1614492000.0,2.547493940514671e-16,3.2322769165039062
1614513600.0,0.01513671875,6.190773010253906
1614535200.0,0.03271484375,6.191261291503906
1614556800.0,0.077392578125,6.194679260253906
1614578400.0,0.20703125,2.4749526977539062
1614600000.0,0.2607421875,3.0418472290039062
1614621600.0,0.14453125,3.7825698852539062
1614643200.0,0.447998046875,3.5550308227539062
1614664800.0,0.5771484375,4.050636291503906
1614686400.0,0.28369140625,3.8543472290039062
1614708000.0,2.5260809476080823e-16,3.8689956665039062
1614729600.0,0.151123046875,2.5271987915039062
1614751200.0,0.07421875,2.4549331665039062
1614772800.0,0.11376953125,2.4554214477539062
1614794400.0,0.06640625,2.4202651977539062
1614816000.0,0.280029296875,2.6556167602539062
1614837600.0,0.43408203125,3.2366714477539062
1614859200.0,0.46142578125,3.5721206665039062
1614880800.0,0.685302734375,3.5462417602539062
1614902400.0,0.769287109375,4.432472229003906
1614924000.0,0.573974609375,4.049415588378906
1614945600.0,0.174560546875,3.8155288696289062
1614967200.0,0.105224609375,3.3719253540039062
1614988800.0,0.138916015625,2.5022964477539062
1615010400.0,0.11669921875,2.6458511352539062
1615032000.0,0.22509765625,2.6482925415039062
1615053600.0,0.185791015625,2.9974136352539062
1615075200.0,0.1728515625,3.1043472290039062
1615096800.0,0.10107421875,2.7811050415039062
1615118400.0,0.057861328125,2.9153823852539062
1615140000.0,0.112548828125,2.6111831665039062
1615161600.0,0.178955078125,3.2425308227539062
1615183200.0,0.4560546875,3.4959487915039062
1615204800.0,0.4298095703125,3.7400894165039062
1615226400.0,0.2353515625,3.6771011352539062
1615248000.0,0.173828125,3.9827651977539062
1615269600.0,0.3125,4.239601135253906
1615291200.0,0.863037109375,4.294288635253906
1615312800.0,2.748291015625,6.412940979003906
1615334400.0,3.563720703125,8.300148010253906
1615356000.0,0.44775390625,8.384620666503906
1615377600.0,1.10791015625,8.181983947753906
1615399200.0,2.470703125,7.360694885253906
1615420800.0,2.888916015625,8.273292541503906
1615442400.0,1.8359375,9.120948791503906
1615464000.0,1.80517578125,6.242042541503906
1615485600.0,1.7666015625,6.180519104003906
1615507200.0,1.994140625,6.413429260253906
1615528800.0,1.706298828125,6.783058166503906
1615550400.0,1.6083984375,6.303077697753906
1615572000.0,1.34228515625,6.283058166503906
1615593600.0,1.158935546875,6.743019104003906
1615615200.0,1.398193359375,5.200538635253906
1615636800.0,1.40283203125,5.761573791503906
1615658400.0,1.393310546875,5.657569885253906
1615680000.0,1.13916015625,5.297706604003906
1615701600.0,1.113037109375,5.156593322753906
1615723200.0,1.019287109375,5.108497619628906
1615744800.0,1.2880859375,5.557472229003906
1615766400.0,0.993408203125,5.251564025878906
1615788000.0,0.814208984375,4.855812072753906
1615809600.0,0.30712890625,4.617774963378906
1615831200.0,2.5454081218820573e-16,4.155128479003906
1615852800.0,0.245361328125,2.6248550415039062
1615874400.0,0.576904296875,3.5113296508789062
1615896000.0,1.5234375,5.187843322753906
1615917600.0,1.354248046875,5.627784729003906
1615939200.0,0.982177734375,5.137794494628906
1615960800.0,0.68408203125,4.494972229003906
1615982400.0,0.63525390625,4.131690979003906
1616004000.0,0.6982421875,4.430030822753906
1616025600.0,0.532958984375,4.154151916503906
1616047200.0,0.684814453125,3.9334487915039062
1616068800.0,0.986328125,4.613136291503906
1616090400.0,1.2734375,5.171241760253906
1616112000.0,1.2236328125,5.418800354003906
1616133600.0,0.127685546875,5.223487854003906
1616155200.0,2.5323256980117146e-16,5.089210510253906
1616176800.0,2.5508418382386936e-16,5.021827697753906
1616198400.0,0.0574951171875,2.2435073852539062
1616220000.0,0.142822265625,2.4085464477539062
1616241600.0,0.4443359375,3.0555191040039062
1616263200.0,0.827392578125,3.9896011352539062
1616284800.0,0.594970703125,4.534523010253906
1616306400.0,0.698974609375,4.280128479003906
1616328000.0,0.422607421875,4.163429260253906
1616349600.0,0.125244140625,3.8382339477539062
1616371200.0,2.5265870497940667e-16,3.5218276977539062
1616392800.0,0.100341796875,2.4114761352539062
1616414400.0,0.322265625,2.9729995727539062
1616436000.0,0.457275390625,3.2420425415039062
1616457600.0,0.586669921875,3.7317886352539062
1616479200.0,0.872314453125,4.350440979003906
1616500800.0,1.4873046875,5.342628479003906
1616522400.0,1.821533203125,6.333351135253906
1616544000.0,0.455322265625,6.783790588378906
1616565600.0,0.758056640625,6.338722229003906
1616587200.0,0.97412109375,4.830909729003906
1616608800.0,1.221435546875,5.266944885253906
1616630400.0,0.5377197265625,5.655860900878906
1616652000.0,0.685546875,5.675636291503906
1616673600.0,1.28369140625,5.146339416503906
1616695200.0,1.90966796875,6.233741760253906
1616716800.0,1.916015625,6.773780822753906
1616738400.0,1.453857421875,7.298194885253906
1616760000.0,1.333740234375,7.283546447753906
1616781600.0,1.54443359375,6.060890197753906
1616803200.0,1.960693359375,6.247901916503906
1616824800.0,1.7119140625,6.408546447753906
1616846400.0,1.02587890625,5.812355041503906
1616868000.0,2.173583984375,6.184913635253906
1616889600.0,3.0107421875,7.694923400878906
1616911200.0,1.548583984375,8.172218322753906
1616932800.0,1.33935546875,8.017677307128906
1616954400.0,2.991943359375,8.152687072753906
1616976000.0,2.509521484375,8.224952697753906
1616997600.0,2.220458984375,8.121192932128906
1617019200.0,1.9686279296875,7.544044494628906
1617040800.0,1.943115234375,7.091163635253906
1617062400.0,1.584716796875,6.871925354003906
1617084000.0,1.0120849609375,6.176612854003906
1617105600.0,0.6400146484375,5.616554260253906
1617127200.0,0.3370361328125,4.618019104003906
1617148800.0,2.5379118802988567e-16,4.230812072753906
1617170400.0,2.551693106350684e-16,4.033546447753906
1617192000.0,2.5430216065531683e-16,6.038429260253906
1617213600.0,2.5452831845223373e-16,6.080421447753906
1617235200.0,1.14697265625,4.358741760253906
1617256800.0,1.001220703125,5.102882385253906
1617278400.0,0.733642578125,4.417823791503906
1617300000.0,0.141845703125,4.299659729003906
1617321600.0,0.55859375,3.6243667602539062
1617343200.0,0.172607421875,3.8528823852539062
1617364800.0,0.05810546875,3.7894058227539062
1617386400.0,0.1817626953125,2.6067886352539062
1617408000.0,0.1236572265625,2.9463882446289062
1617429600.0,2.551127711858392e-16,2.7137222290039062
1617451200.0,2.548868251471591e-16,2.6658706665039062
1617472800.0,0.068603515625,2.2203140258789062
1617494400.0,0.294677734375,2.7444839477539062
1617516000.0,0.18798828125,3.1944351196289062
1617537600.0,0.367431640625,2.8753433227539062
1617559200.0,0.808837890625,3.8880386352539062
1617580800.0,1.85986328125,5.713966369628906
1617602400.0,1.872314453125,6.242286682128906
1617624000.0,1.97509765625,6.235694885253906
1617645600.0,2.166259765625,6.501808166503906
1617667200.0,1.577880859375,6.331398010253906
1617688800.0,1.263427734375,5.632179260253906
1617710400.0,1.375,5.449073791503906
1617732000.0,1.9560546875,6.192726135253906
1617753600.0,1.279052734375,6.030128479003906
1617775200.0,0.901123046875,5.268409729003906
1617796800.0,0.527587890625,4.734718322753906
1617818400.0,0.215087890625,4.304054260253906
1617840000.0,0.302734375,2.8470230102539062
1617861600.0,0.774658203125,4.200538635253906
1617883200.0,1.17041015625,5.111671447753906
1617904800.0,1.4677734375,5.418312072753906
1617926400.0,0.849365234375,5.706398010253906
1617948000.0,0.517333984375,5.514503479003906
1617969600.0,0.475830078125,3.9485855102539062
1617991200.0,0.877685546875,4.287940979003906
1618012800.0,0.60546875,4.701026916503906
1618034400.0,0.426025390625,4.294776916503906
1618056000.0,0.189697265625,3.9886245727539062
1618077600.0,0.628173828125,3.5828628540039062
1618099200.0,0.258544921875,4.126319885253906
1618120800.0,0.2666015625,3.6028823852539062
1618142400.0,0.26220703125,3.1360855102539062
1618164000.0,0.40283203125,3.4661636352539062
1618185600.0,0.28759765625,3.5477066040039062
1618207200.0,0.061767578125,3.5013198852539062
1618228800.0,2.534887972677159e-16,3.4520034790039062
1618250400.0,0.059814453125,2.4002456665039062
1618272000.0,0.173583984375,2.6766128540039062
1618293600.0,2.548868251471591e-16,2.8387222290039062
1618315200.0,0.02783203125,9.442726135253906
1618336800.0,2.55072113604371e-16,9.212745666503906
1618358400.0,2.5355380704641765e-16,9.072120666503906
1618380000.0,2.547023837228945e-16,1.9700698852539062
1618401600.0,0.00830078125,8.655616760253906
1618423200.0,2.5482986218145626e-16,8.600929260253906
1618444800.0,0.067138671875,8.500343322753906
1618466400.0,0.16015625,2.5740737915039062
1618488000.0,0.334716796875,3.2596206665039062
1618509600.0,0.192626953125,3.2747573852539062
1618531200.0,0.1171875,3.1639175415039062
1618552800.0,0.085205078125,2.8255386352539062
1618574400.0,0.222900390625,2.5984878540039062
1618596000.0,0.30859375,3.0442886352539062
1618617600.0,0.34130859375,3.2586441040039062
1618639200.0,0.226806640625,3.4646987915039062
1618660800.0,0.292724609375,3.4310073852539062
1618682400.0,0.296875,3.4207534790039062
1618704000.0,0.55322265625,3.6971206665039062
1618725600.0,0.571044921875,4.069679260253906
1618747200.0,0.564697265625,4.221046447753906
1618768800.0,0.38037109375,4.333351135253906
1618790400.0,0.360107421875,4.451515197753906
1618812000.0,0.3369140625,4.077003479003906
1618833600.0,0.25537109375,4.082374572753906
1618855200.0,0.080322265625,3.8582534790039062
1618876800.0,2.5452831845223373e-16,12.438819885253906
1618898400.0,2.551693106350684e-16,12.061378479003906
1618920000.0,2.53496632322478e-16,11.732276916503906
1618941600.0,0.280517578125,2.6341323852539062
1618963200.0,0.24267578125,3.3255386352539062
1618984800.0,0.72021484375,3.5760269165039062
1619006400.0,0.7900390625,4.440284729003906
1619028000.0,0.103515625,4.539405822753906
1619049600.0,0.26171875,2.8738784790039062
1619071200.0,0.4765625,3.8938980102539062
1619092800.0,0.39208984375,3.7688980102539062
1619114400.0,0.098388671875,3.8108901977539062
1619136000.0,0.0625,3.6512222290039062
1619157600.0,0.2236328125,2.6712417602539062
1619179200.0,0.556640625,3.5560073852539062
1619200800.0,0.1376953125,3.8733901977539062
1619222400.0,0.245361328125,3.1746597290039062
1619244000.0,0.44775390625,3.3543472290039062
1619265600.0,0.52978515625,3.6521987915039062
1619287200.0,2.548868251471591e-16,3.7430191040039062
1619308800.0,0.3466796875,2.9583511352539062
1619330400.0,0.57275390625,4.234230041503906
1619352000.0,0.238525390625,4.578468322753906
1619373600.0,2.539104079172117e-16,4.521827697753906
1619395200.0,0.0743408203125,10.131690979003906
1619416800.0,0.1866455078125,2.6312026977539062
1619438400.0,0.239013671875,2.7220230102539062
1619460000.0,0.330078125,3.2586441040039062
1619481600.0,0.36962890625,3.2615737915039062
1619503200.0,0.460693359375,3.3558120727539062
1619524800.0,0.224609375,3.4871597290039062
1619546400.0,0.573486328125,3.4383316040039062
1619568000.0,1.22509765625,5.206886291503906
1619589600.0,1.060791015625,5.178077697753906
1619611200.0,0.7724609375,5.053077697753906
1619632800.0,0.3447265625,4.179054260253906
1619654400.0,0.1260986328125,3.5057144165039062
1619676000.0,0.201904296875,3.1941909790039062
1619697600.0,2.5405885044121803e-16,3.1111831665039062
1619719200.0,0.19091796875,2.5589370727539062
1619740800.0,0.09912109375,3.0140151977539062
1619762400.0,0.34765625,3.0247573852539062
1619784000.0,0.091064453125,3.3685073852539062
1619805600.0,0.267578125,2.7615737915039062
1619827200.0,0.04345703125,3.2132339477539062
1619848800.0,0.08251953125,3.0662612915039062
1619870400.0,2.533532719961552e-16,2.8875503540039062
1619892000.0,2.548868251471591e-16,13.498878479003906
1619913600.0,0.028076171875,2.1932144165039062
1619935200.0,0.120361328125,2.4036636352539062
1619956800.0,0.1064453125,2.4627456665039062
1619978400.0,0.055419921875,2.4490737915039062
1620000000.0,0.040283203125,2.8548355102539062
1620021600.0,0.560546875,3.1404800415039062
1620043200.0,3.127197265625,7.050148010253906
1620064800.0,0.612548828125,8.407081604003906
1620086400.0,1.3193359375,8.454933166503906
1620108000.0,2.351318359375,6.779640197753906
1620129600.0,1.776611328125,6.339698791503906
1620151200.0,1.2978515625,6.004737854003906
1620172800.0,0.67529296875,5.214698791503906
1620194400.0,0.857177734375,4.703956604003906
1620216000.0,0.696533203125,4.589698791503906
1620237600.0,0.766357421875,4.349952697753906
1620259200.0,0.76904296875,4.528175354003906
1620280800.0,0.744140625,4.401710510253906
1620302400.0,1.543212890625,5.141944885253906
1620324000.0,1.65234375,6.034034729003906
1620345600.0,0.8974609375,5.679542541503906
1620367200.0,0.7923583984375,4.469093322753906
1620388800.0,0.189453125,4.515480041503906
1620410400.0,0.026611328125,4.357276916503906
1620432000.0,0.361572265625,2.9417495727539062
1620453600.0,1.6005859375,5.192726135253906
1620475200.0,1.469482421875,6.868019104003906
1620496800.0,0.7060546875,6.236671447753906
1620518400.0,1.129638671875,6.182472229003906
1620540000.0,1.395263671875,5.618019104003906
1620561600.0,1.787841796875,6.350929260253906
1620583200.0,2.26318359375,7.286476135253906
1620604800.0,1.443359375,7.389991760253906
1620626400.0,1.36865234375,6.209815979003906
1620648000.0,1.358642578125,6.037452697753906
1620669600.0,1.967041015625,6.806007385253906
1620691200.0,1.7900390625,7.349464416503906
1620712800.0,0.9921875,7.050880432128906
1620734400.0,0.652099609375,6.238624572753906
1620756000.0,0.077880859375,5.687355041503906
1620777600.0,0.081298828125,5.340187072753906
1620799200.0,2.550020216279857e-16,6.192970275878906
1620820800.0,2.5430216065531683e-16,7.601661682128906
1620842400.0,2.5449613120023806e-16,7.566017150878906
1620864000.0,2.5485124976337443e-16,7.462013244628906
1620885600.0,0.042236328125,6.305274963378906
1620907200.0,0.036865234375,6.358253479003906
1620928800.0,0.025634765625,6.418800354003906
1620950400.0,0.04931640625,6.425636291503906
1620972000.0,0.3486328125,2.9275894165039062
1620993600.0,0.2958984375,3.0794448852539062
1621015200.0,0.3525390625,3.2571792602539062
1621036800.0,0.190185546875,3.2459487915039062
1621058400.0,0.242919921875,3.1565933227539062
1621080000.0,0.653076171875,3.8113784790039062
1621101600.0,0.20947265625,4.161964416503906
1621123200.0,0.2509765625,6.132179260253906
1621144800.0,0.12353515625,6.090187072753906
1621166400.0,0.006591796875,6.170265197753906
1621188000.0,0.232421875,6.273780822753906
1621209600.0,0.56640625,3.4134292602539062
1621231200.0,0.697509765625,4.120460510253906
1621252800.0,0.280029296875,4.208351135253906
1621274400.0,2.539104079172117e-16,8.195655822753906
1621296000.0,2.5430216065531683e-16,6.276222229003906
1621317600.0,0.0908203125,6.194679260253906
1621339200.0,2.539104079172117e-16,6.132179260253906
1621360800.0,0.104248046875,6.127296447753906
1621382400.0,2.5430216065531683e-16,3.2894058227539062
1621404000.0,0.14404296875,2.5989761352539062
1621425600.0,0.03369140625,2.7791519165039062
1621447200.0,0.135986328125,2.7347183227539062
1621468800.0,0.160400390625,4.001319885253906
1621490400.0,0.94287109375,4.564308166503906
1621512000.0,2.29443359375,5.833351135253906
1621533600.0,1.846435546875,8.381202697753906
1621555200.0,0.326904296875,9.204933166503906
1621576800.0,0.81103515625,8.682960510253906
1621598400.0,1.29150390625,5.242530822753906
1621620000.0,1.219970703125,5.538429260253906
1621641600.0,1.05810546875,5.147315979003906
1621663200.0,1.082275390625,5.140968322753906
1621684800.0,0.868896484375,5.019874572753906
1621706400.0,0.132568359375,4.750343322753906
1621728000.0,0.264404296875,2.7049331665039062
1621749600.0,0.736572265625,3.6517105102539062
1621771200.0,2.013427734375,6.260108947753906
1621792800.0,0.1641845703125,6.755714416503906
1621814400.0,0.1815185546875,6.550636291503906
1621836000.0,0.3544921875,6.315284729003906
1621857600.0,0.59765625,3.6897964477539062
1621879200.0,0.444580078125,4.397804260253906
1621900800.0,1.4033203125,5.149269104003906
1621922400.0,1.482666015625,5.694190979003906
1621944000.0,1.284912109375,5.633155822753906
1621965600.0,1.248046875,5.315284729003906
1621987200.0,0.18798828125,5.197608947753906
1622008800.0,0.184814453125,5.073097229003906
1622030400.0,0.358154296875,3.0794448852539062
1622052000.0,0.081787109375,3.2630386352539062
1622073600.0,2.5261127113436043e-16,6.176612854003906
1622095200.0,0.06396484375,6.105323791503906
1622116800.0,0.286865234375,2.6790542602539062
1622138400.0,0.289306640625,3.6858901977539062
1622160000.0,0.299072265625,3.8436050415039062
1622181600.0,0.238037109375,3.8741226196289062
1622203200.0,0.273681640625,3.8025894165039062
1622224800.0,0.13134765625,3.8880386352539062
1622246400.0,2.5397181780588765e-16,6.000343322753906
1622268000.0,2.548366384450343e-16,6.007179260253906
1622289600.0,2.539104079172117e-16,5.919288635253906
1622311200.0,2.5322918166938244e-16,5.748390197753906
1622332800.0,2.539459833009964e-16,5.623878479003906
1622354400.0,0.034912109375,5.531105041503906
1622376000.0,0.1015625,2.3572769165039062
1622397600.0,0.08837890625,2.4471206665039062
1622419200.0,0.206787109375,2.6282730102539062
1622440800.0,0.58837890625,3.5965347290039062
1622462400.0,0.650390625,4.141456604003906
1622484000.0,0.359619140625,4.161476135253906
1622505600.0,0.309326171875,3.1233901977539062
1622527200.0,0.332763671875,3.6355972290039062
1622548800.0,0.205078125,3.9456558227539062
1622570400.0,0.025634765625,3.8841323852539062
1622592000.0,0.3076171875,2.9969253540039062
1622613600.0,0.506591796875,3.9744644165039062
1622635200.0,0.61865234375,3.7923355102539062
1622656800.0,0.6826171875,3.9913101196289062
1622678400.0,0.706298828125,4.145851135253906
1622700000.0,0.6240234375,4.166358947753906
1622721600.0,0.71044921875,4.139503479003906
1622743200.0,1.40087890625,5.278663635253906
1622764800.0,1.084716796875,5.846534729003906
1622786400.0,0.49267578125,5.684913635253906
1622808000.0,0.4599609375,4.970069885253906
1622829600.0,0.572509765625,4.502784729003906
1622851200.0,0.429931640625,4.820655822753906
1622872800.0,0.53564453125,4.128761291503906
1622894400.0,0.5909423828125,4.139015197753906
1622916000.0,0.358154296875,4.705421447753906
1622937600.0,0.1376953125,4.788917541503906
1622959200.0,0.03564453125,4.718116760253906
1622980800.0,0.027099609375,4.769874572753906
1623002400.0,2.551693106350684e-16,5.520362854003906
1623024000.0,2.539459833009964e-16,5.535499572753906
1623045600.0,2.5430216065531683e-16,5.465675354003906
1623067200.0,0.184814453125,2.5936050415039062
1623088800.0,0.853515625,4.308448791503906
1623110400.0,0.755615234375,5.195167541503906
1623132000.0,0.533935546875,5.106788635253906
1623153600.0,0.92822265625,4.777687072753906
1623175200.0,1.201904296875,5.240089416503906
1623196800.0,1.171875,5.508644104003906
1623218400.0,1.2216796875,5.515480041503906
1623240000.0,1.274169921875,5.432960510253906
1623261600.0,1.005126953125,5.720558166503906
1623283200.0,0.654052734375,5.665870666503906
1623304800.0,0.844482421875,5.008155822753906
1623326400.0,1.22412109375,5.232765197753906
1623348000.0,1.61474609375,5.977394104003906
1623369600.0,1.14404296875,6.221534729003906
1623391200.0,0.85205078125,6.040382385253906
1623412800.0,0.1630859375,5.756202697753906
1623434400.0,0.052490234375,5.652687072753906
1623456000.0,0.15478515625,5.550148010253906
1623477600.0,0.27783203125,5.457862854003906
1623499200.0,0.052001953125,3.1871109008789062
1623520800.0,0.117919921875,2.6307144165039062
1623542400.0,0.332275390625,3.5472183227539062
1623564000.0,0.160400390625,3.7684097290039062
1623585600.0,0.495849609375,3.4844741821289062
1623607200.0,0.498779296875,4.237159729003906
1623628800.0,0.229248046875,4.265968322753906
1623650400.0,0.335205078125,3.8606948852539062
1623672000.0,0.23388671875,3.6937026977539062
1623693600.0,0.110595703125,3.6102066040039062
1623715200.0,2.5441947471851155e-16,3.7742691040039062
1623736800.0,0.0263671875,3.8304214477539062
1623758400.0,0.754638671875,3.5809097290039062
1623780000.0,1.36865234375,5.242042541503906
1623801600.0,1.350830078125,5.949073791503906
1623823200.0,0.3447265625,5.764991760253906
1623844800.0,0.021484375,5.532081604003906
1623866400.0,0.270263671875,5.139991760253906
1623888000.0,0.07861328125,4.825050354003906
1623909600.0,0.0419921875,4.675148010253906
1623931200.0,0.03564453125,4.642433166503906
1623952800.0,0.316162109375,2.6653823852539062
1623974400.0,0.64306640625,3.6077651977539062
1623996000.0,0.60400390625,3.9095230102539062
1624017600.0,0.66162109375,4.136573791503906
1624039200.0,0.82080078125,4.333839416503906
1624060800.0,0.509521484375,4.295753479003906
1624082400.0,2.5430216065531683e-16,4.092628479003906
1624104000.0,2.537835647333604e-16,3.8953628540039062
1624125600.0,0.077880859375,2.5970230102539062
1624147200.0,0.2333984375,2.6336441040039062
1624168800.0,0.21337890625,3.5447769165039062
1624190400.0,2.5408532022081973e-16,3.9046401977539062
1624212000.0,0.089111328125,3.9866714477539062
1624233600.0,0.76416015625,3.7112808227539062
1624255200.0,1.106201171875,4.799659729003906
1624276800.0,0.63671875,5.104347229003906
1624298400.0,0.75634765625,4.535499572753906
1624320000.0,0.636962890625,4.331398010253906
1624341600.0,0.34716796875,4.321632385253906
1624363200.0,0.44970703125,3.8152847290039062
1624384800.0,0.074951171875,3.7784194946289062
1624406400.0,0.056396484375,3.5279312133789062
1624428000.0,0.16455078125,2.6878433227539062
1624449600.0,0.038330078125,2.9266128540039062
1624471200.0,0.044189453125,2.9314956665039062
1624492800.0,0.064208984375,2.6656265258789062
1624514400.0,2.5430216065531683e-16,2.6268081665039062
1624536000.0,0.12255859375,2.4546890258789062
1624557600.0,0.294189453125,3.2061538696289062
1624579200.0,0.802490234375,3.6517105102539062
1624600800.0,0.81005859375,4.660011291503906
1624622400.0,0.619384765625,4.807716369628906
1624644000.0,0.364501953125,4.298927307128906
1624665600.0,0.3662109375,3.8382339477539062
1624687200.0,0.45068359375,3.5491714477539062
1624708800.0,0.371826171875,3.5428237915039062
1624730400.0,0.247802734375,3.4490737915039062
1624752000.0,0.208984375,3.0110855102539062
1624773600.0,0.07763671875,3.0931167602539062
1624795200.0,0.228271484375,2.6624526977539062
1624816800.0,0.54150390625,3.4383316040039062
1624838400.0,0.5859375,3.9219741821289062
1624860000.0,0.459716796875,3.9576187133789062
1624881600.0,0.6357421875,3.8353042602539062
1624903200.0,0.69921875,4.058448791503906
1624924800.0,0.599853515625,4.275733947753906
1624946400.0,0.73974609375,4.182960510253906
1624968000.0,0.670654296875,4.275489807128906
1624989600.0,0.77490234375,4.318946838378906
1625011200.0,0.7109375,4.320167541503906
1625032800.0,0.41552734375,4.242042541503906
1625054400.0,0.233154296875,4.028419494628906
1625076000.0,0.25634765625,3.1067886352539062
1625097600.0,0.122802734375,2.7542495727539062
1625119200.0,2.5430216065531683e-16,2.7200698852539062
1625140800.0,2.5335877771031235e-16,2.5994644165039062
1625162400.0,2.5524152019382185e-16,12.187355041503906
1625184000.0,2.539104079172117e-16,2.2889175415039062
1625205600.0,2.539104079172117e-16,2.2635269165039062
1625227200.0,0.0205078125,2.4524917602539062
1625248800.0,0.09375,2.9935073852539062
1625270400.0,0.159423828125,3.6023941040039062
1625292000.0,2.5449613120023806e-16,3.8406753540039062
1625313600.0,0.110107421875,3.8328628540039062
1625335200.0,0.224853515625,2.7952651977539062
1625356800.0,0.345703125,3.4788589477539062
1625378400.0,0.32958984375,4.188819885253906
1625400000.0,0.273681640625,4.374366760253906
1625421600.0,0.193603515625,4.338233947753906
1625443200.0,0.168212890625,4.117042541503906
1625464800.0,0.3876953125,3.6263198852539062
1625486400.0,0.42529296875,4.093116760253906
1625508000.0,0.660888671875,4.265968322753906
1625529600.0,0.121826171875,4.485694885253906
1625551200.0,0.030517578125,4.400245666503906
1625572800.0,0.050048828125,11.113624572753906
1625594400.0,0.03955078125,10.715187072753906
1625616000.0,2.539167606643161e-16,8.819679260253906
1625637600.0,0.2392578125,6.134132385253906
1625659200.0,0.123779296875,3.2635269165039062
1625680800.0,0.18310546875,6.198585510253906
1625702400.0,0.068115234375,3.3270034790039062
1625724000.0,0.105712890625,6.278663635253906
1625745600.0,0.011962890625,6.267433166503906
1625767200.0,2.545670702095706e-16,6.211280822753906
1625788800.0,2.5406689725421695e-16,6.159034729003906
1625810400.0,2.5512293558120624e-16,6.105323791503906
1625832000.0,0.2587890625,2.9271011352539062
1625853600.0,0.169921875,3.5350112915039062
1625875200.0,2.5180235466973257e-16,3.8750991821289062
1625896800.0,0.006103515625,3.8792495727539062
1625918400.0,2.547227125136286e-16,5.598976135253906
1625940000.0,2.539104079172117e-16,5.584815979003906
1625961600.0,0.110595703125,5.536476135253906
1625983200.0,0.28662109375,3.0179214477539062
1626004800.0,0.34814453125,3.8011245727539062
1626026400.0,0.0625,4.245948791503906
1626048000.0,0.072021484375,4.817237854003906
1626069600.0,0.07275390625,5.597023010253906
1626091200.0,0.1396484375,5.609718322753906
1626112800.0,0.432373046875,2.9969253540039062
1626134400.0,0.293701171875,3.5384292602539062
1626156000.0,0.38037109375,3.4656753540039062
1626177600.0,0.532470703125,3.5721206665039062
1626199200.0,0.32861328125,3.6487808227539062
1626220800.0,0.276123046875,3.3748550415039062
1626242400.0,0.074951171875,3.2571792602539062
1626264000.0,2.5296596618102317e-16,3.0940933227539062
1626285600.0,2.5355380704641765e-16,2.2479019165039062
1626307200.0,0.32421875,2.6448745727539062
1626328800.0,0.682861328125,3.9197769165039062
1626350400.0,0.330322265625,4.145362854003906
1626372000.0,0.2705078125,3.5125503540039062
1626393600.0,0.133544921875,3.3489761352539062
1626415200.0,0.03564453125,3.1565933227539062
1626436800.0,2.5358959418843915e-16,2.6932144165039062
1626458400.0,0.0458984375,2.3743667602539062
1626480000.0,2.5397922934417613e-16,2.3694839477539062
1626501600.0,2.548868251471591e-16,2.3733901977539062
1626523200.0,2.5384878627029896e-16,10.893409729003906
1626544800.0,0.073974609375,2.0350112915039062
1626566400.0,0.203857421875,2.6780776977539062
1626588000.0,0.203369140625,2.9549331665039062
1626609600.0,0.203857421875,2.9891128540039062
1626631200.0,0.241943359375,2.9168472290039062
1626652800.0,0.101806640625,3.0784683227539062
1626674400.0,0.131591796875,2.5369644165039062
1626696000.0,0.032958984375,2.7591323852539062
1626717600.0,0.126220703125,2.4056167602539062
1626739200.0,0.089599609375,2.4266128540039062
1626760800.0,0.135009765625,2.4661636352539062
1626782400.0,0.162109375,2.5601577758789062
1626804000.0,0.128662109375,2.6690444946289062
1626825600.0,0.090087890625,2.6187515258789062
1626847200.0,2.5486374349934643e-16,2.6858901977539062
1626868800.0,0.025634765625,2.6565933227539062
1626890400.0,2.55072113604371e-16,1.9793472290039062
1626912000.0,0.0234375,13.292335510253906
1626933600.0,0.040771484375,13.175636291503906
1626955200.0,0.026611328125,2.1346206665039062
1626976800.0,2.5512293558120624e-16,2.1233901977539062
1626998400.0,0.1005859375,1.9612808227539062
1627020000.0,0.162841796875,2.5901870727539062
1627041600.0,0.045166015625,3.4212417602539062
1627063200.0,2.5430216065531683e-16,3.6844253540039062
1627084800.0,0.091064453125,2.3226089477539062
1627106400.0,0.122802734375,3.4144058227539062
1627128000.0,0.04638671875,4.088722229003906
1627149600.0,2.552112387659575e-16,4.198585510253906
1627171200.0,0.00341796875,4.138526916503906
1627192800.0,0.032958984375,2.1878433227539062
1627214400.0,2.5430216065531683e-16,2.4080581665039062
1627236000.0,0.152587890625,2.2215347290039062
1627257600.0,0.355712890625,2.8733901977539062
1627279200.0,0.38232421875,3.2181167602539062
1627300800.0,0.172607421875,3.4749526977539062
1627322400.0,0.082763671875,3.3743667602539062
1627344000.0,0.044677734375,3.1175308227539062
1627365600.0,0.018798828125,2.7776870727539062
1627387200.0,0.093017578125,2.5652847290039062
1627408800.0,0.119384765625,2.6116714477539062
1627430400.0,0.189697265625,2.7039566040039062
1627452000.0,0.227294921875,3.1604995727539062
1627473600.0,0.167724609375,3.5828628540039062
1627495200.0,0.278076171875,4.590431213378906
1627516800.0,1.045654296875,4.395118713378906
1627538400.0,1.39697265625,5.622169494628906
1627560000.0,0.81640625,5.489845275878906
1627581600.0,0.13525390625,4.614601135253906
1627603200.0,0.037353515625,4.377052307128906
1627624800.0,0.2236328125,2.7366714477539062
1627646400.0,0.36328125,2.9727554321289062
1627668000.0,0.8369140625,4.259132385253906
1627689600.0,0.712890625,4.359718322753906
1627711200.0,0.5487060546875,4.165382385253906
1627732800.0,0.33740234375,3.8816909790039062
1627754400.0,0.59814453125,3.5867691040039062
1627776000.0,0.855712890625,4.308448791503906
1627797600.0,0.491455078125,4.586769104003906
1627819200.0,0.00390625,4.552589416503906
1627840800.0,0.4241943359375,2.9603042602539062
1627862400.0,0.6251220703125,3.9485855102539062
1627884000.0,0.227294921875,3.9280776977539062
1627905600.0,0.0196533203125,3.8362808227539062
1627927200.0,2.548868251471591e-16,2.5945816040039062
1627948800.0,0.123291015625,2.3846206665039062
1627970400.0,2.545638938360184e-16,2.3843765258789062
1627992000.0,0.0146484375,2.2315444946289062
1628013600.0,0.1650390625,2.4344253540039062
1628035200.0,0.103515625,2.4942398071289062
1628056800.0,0.165771484375,2.6204605102539062
1628078400.0,0.424072265625,2.9017105102539062
1628100000.0,0.752685546875,3.9251480102539062
1628121600.0,1.059326171875,4.752784729003906
1628143200.0,1.177001953125,5.370460510253906
1628164800.0,1.2412109375,5.345314025878906
1628186400.0,1.13037109375,5.969825744628906
1628208000.0,0.314208984375,6.063575744628906
1628229600.0,0.0662841796875,6.000343322753906
1628251200.0,0.3203125,5.055030822753906
1628272800.0,0.994873046875,5.358009338378906
1628294400.0,0.622802734375,6.099220275878906
1628316000.0,0.032470703125,6.301856994628906
1628337600.0,0.0234375,6.282814025878906
1628359200.0,2.548868251471591e-16,5.313575744628906
1628380800.0,0.108154296875,5.570899963378906
1628402400.0,0.405517578125,5.964698791503906
1628424000.0,0.67236328125,5.524513244628906
1628445600.0,0.71728515625,5.466896057128906
1628467200.0,0.512451171875,4.568214416503906
1628488800.0,0.397705078125,4.112892150878906
1628510400.0,0.3134765625,4.137794494628906
1628532000.0,0.066162109375,4.446144104003906
1628553600.0,0.184814453125,4.797950744628906
1628575200.0,0.3662109375,2.9964370727539062
1628596800.0,0.260009765625,3.3375015258789062
1628618400.0,0.14990234375,2.6946792602539062
1628640000.0,0.288818359375,3.2366714477539062
1628661600.0,0.8974609375,4.347023010253906
1628683200.0,1.358642578125,5.272804260253906
1628704800.0,0.153076171875,5.820411682128906
1628726400.0,0.09521484375,5.866554260253906
1628748000.0,0.33056640625,5.868995666503906
1628769600.0,1.66455078125,5.342140197753906
1628791200.0,1.2060546875,6.451515197753906
1628812800.0,0.65283203125,6.343605041503906
1628834400.0,1.200927734375,5.253273010253906
1628856000.0,1.458984375,5.719093322753906
1628877600.0,0.650634765625,5.684425354003906
1628899200.0,0.456298828125,5.660011291503906
1628920800.0,0.588623046875,4.030616760253906
1628942400.0,0.19970703125,5.548194885253906
1628964000.0,0.214599609375,5.596046447753906
1628985600.0,0.093505859375,5.419288635253906
1629007200.0,0.1171875,4.963233947753906
1629028800.0,0.374755859375,2.9026870727539062
1629050400.0,0.770263671875,3.9290542602539062
1629072000.0,1.070068359375,4.742042541503906
1629093600.0,1.079345703125,5.140480041503906
1629115200.0,1.08203125,5.040870666503906
1629136800.0,0.442138671875,4.828468322753906
1629158400.0,0.7080078125,3.8494644165039062
1629180000.0,0.781982421875,4.309913635253906
1629201600.0,0.80224609375,4.685401916503906
1629223200.0,0.68310546875,4.587257385253906
1629244800.0,0.69384765625,4.190284729003906
1629266400.0,0.533447265625,4.299659729003906
1629288000.0,0.39501953125,4.188331604003906
1629309600.0,0.10009765625,4.201515197753906
1629331200.0,0.017822265625,4.009132385253906
1629352800.0,2.539104079172117e-16,3.2259292602539062
1629374400.0,2.5430216065531683e-16,3.0081558227539062
1629396000.0,2.551693106350684e-16,3.5584487915039062
1629417600.0,2.525704017946554e-16,4.081398010253906
1629439200.0,0.24609375,2.6375503540039062
1629460800.0,0.567626953125,3.9217300415039062
1629482400.0,0.994873046875,4.717140197753906
1629504000.0,1.0400390625,5.382667541503906
1629525600.0,0.331787109375,5.665870666503906
1629547200.0,0.39453125,5.659523010253906
1629568800.0,0.125732421875,5.226417541503906
1629590400.0,0.04443359375,5.139991760253906
1629612000.0,0.130615234375,6.163429260253906
1629633600.0,0.091064453125,6.158058166503906
1629655200.0,0.17236328125,6.140480041503906
1629676800.0,0.18115234375,2.6458511352539062
1629698400.0,2.550162094298522e-16,2.6902847290039062
1629720000.0,2.539104079172117e-16,5.846046447753906
1629741600.0,0.043701171875,5.720069885253906
1629763200.0,0.0732421875,2.3499526977539062
1629784800.0,2.550162094298522e-16,2.2171401977539062
1629806400.0,2.5358811188078145e-16,14.737648010253906
1629828000.0,0.024169921875,14.633155822753906
1629849600.0,0.139892578125,2.2669448852539062
1629871200.0,0.1181640625,2.3426284790039062
1629892800.0,2.5430216065531683e-16,2.2835464477539062
1629914400.0,0.163818359375,2.3577651977539062
1629936000.0,0.27783203125,2.9524917602539062
1629957600.0,0.05419921875,3.0560073852539062
1629979200.0,2.5250094509298056e-16,2.8899917602539062
1630000800.0,0.015380859375,2.8875503540039062
1630022400.0,0.141845703125,2.2952651977539062
1630044000.0,0.323486328125,2.9412612915039062
1630065600.0,0.032470703125,3.0579605102539062
1630087200.0,0.030029296875,3.0057144165039062
1630108800.0,2.545638938360184e-16,2.9522476196289062
1630130400.0,2.552377085455592e-16,12.418800354003906
1630152000.0,2.5248358091756185e-16,12.283546447753906
1630173600.0,0.0380859375,1.9734878540039062
1630195200.0,0.282470703125,2.6468276977539062
1630216800.0,0.228515625,3.5179214477539062
1630238400.0,0.044189453125,3.4588394165039062
1630260000.0,0.108154296875,2.4554214477539062
1630281600.0,0.24560546875,2.6673355102539062
1630303200.0,0.349365234375,3.2483901977539062
1630324800.0,0.138427734375,3.3777847290039062
1630346400.0,0.110107421875,3.1409683227539062
1630368000.0,0.40380859375,3.2708511352539062
1630389600.0,0.455322265625,3.7225112915039062
1630411200.0,0.3525390625,3.8128433227539062
1630432800.0,0.130126953125,3.5325698852539062
1630454400.0,0.19091796875,2.9144058227539062
1630476000.0,0.298828125,3.1902847290039062
1630497600.0,0.0849609375,3.3279800415039062
1630519200.0,0.0625,3.2728042602539062
1630540800.0,0.148681640625,2.5267105102539062
1630562400.0,0.3857421875,3.2688980102539062
1630584000.0,0.101318359375,3.4183120727539062
1630605600.0,0.120849609375,2.4661636352539062
1630627200.0,0.150146484375,2.6712417602539062
1630648800.0,0.11376953125,3.1104507446289062
1630670400.0,0.214111328125,2.7476577758789062
1630692000.0,2.5430216065531683e-16,3.2371597290039062
1630713600.0,0.1689453125,2.5867691040039062
1630735200.0,0.48583984375,3.3006362915039062
1630756800.0,0.51416015625,4.047706604003906
1630778400.0,0.353271484375,3.9744644165039062
1630800000.0,0.332275390625,3.2962417602539062
1630821600.0,0.49365234375,3.4988784790039062
1630843200.0,0.458740234375,3.6824722290039062
1630864800.0,0.034912109375,3.7708511352539062
1630886400.0,0.140869140625,3.5276870727539062
1630908000.0,0.102783203125,2.9153823852539062
1630929600.0,0.10009765625,3.0638198852539062
1630951200.0,0.212158203125,3.0115737915039062
1630972800.0,0.071533203125,3.1839370727539062
1630994400.0,0.045166015625,3.1668472290039062
1631016000.0,0.0830078125,6.492042541503906
1631037600.0,2.5430216065531683e-16,6.494972229003906
1631059200.0,0.06787109375,6.522315979003906
1631080800.0,0.211181640625,2.5647964477539062
1631102400.0,0.352783203125,3.3465347290039062
1631124000.0,2.5430216065531683e-16,3.6839370727539062
1631145600.0,0.014892578125,3.5516128540039062
1631167200.0,0.061767578125,3.3904800415039062
1631188800.0,2.548868251471591e-16,6.407569885253906
1631210400.0,2.548868251471591e-16,6.319190979003906
1631232000.0,2.530959857384267e-16,6.271339416503906
1631253600.0,2.548868251471591e-16,6.220558166503906
1631275200.0,2.5355380704641765e-16,6.166358947753906
1631296800.0,2.539104079172117e-16,6.097999572753906
1631318400.0,0.303955078125,2.7952651977539062
1631340000.0,0.3115234375,3.1204605102539062
1631361600.0,0.269287109375,3.4104995727539062
1631383200.0,0.283447265625,3.3099136352539062
1631404800.0,0.356689453125,3.3245620727539062
1631426400.0,0.354248046875,3.3431167602539062
1631448000.0,0.121826171875,3.2757339477539062
1631469600.0,2.5430216065531683e-16,3.2313003540039062
1631491200.0,0.404541015625,2.8821792602539062
1631512800.0,0.74169921875,4.234230041503906
1631534400.0,0.751953125,4.397804260253906
1631556000.0,0.573974609375,4.515480041503906
1631577600.0,0.135498046875,4.257179260253906
1631599200.0,0.195068359375,3.7635269165039062
1631620800.0,0.322998046875,3.5657730102539062
1631642400.0,2.5430216065531683e-16,3.7596206665039062
1631664000.0,2.5318259485728346e-16,15.765968322753906
1631685600.0,2.539104079172117e-16,15.013526916503906
1631707200.0,0.091796875,14.520362854003906
1631728800.0,0.0423583984375,13.680519104003906
1631750400.0,0.1270751953125,2.4710464477539062
1631772000.0,2.550162094298522e-16,2.4861831665039062
1631793600.0,0.3291015625,2.7417984008789062
1631815200.0,0.82275390625,4.244239807128906
1631836800.0,1.315673828125,5.201026916503906
1631858400.0,1.3505859375,5.669288635253906
1631880000.0,1.49462890625,5.791114807128906
1631901600.0,0.007080078125,6.166114807128906
1631923200.0,0.021240234375,6.132667541503906
1631944800.0,2.5524956700682076e-16,6.147315979003906
1631966400.0,2.529337789290275e-16,6.176856994628906
1631988000.0,2.5485124976337443e-16,6.162696838378906
1632009600.0,0.09765625,6.107032775878906
1632031200.0,0.255615234375,3.0250015258789062
1632052800.0,0.2373046875,3.4688491821289062
1632074400.0,2.547788284463842e-16,4.127296447753906
1632096000.0,2.539459833009964e-16,5.126808166503906
1632117600.0,0.027099609375,5.459815979003906
1632139200.0,0.12548828125,2.3904800415039062
1632160800.0,0.102783203125,2.4163589477539062
1632182400.0,0.243896484375,2.6595230102539062
1632204000.0,0.25390625,2.7605972290039062
1632225600.0,0.29736328125,2.9031753540039062
1632247200.0,0.450439453125,3.7156753540039062
1632268800.0,0.5244140625,3.6243667602539062
1632290400.0,0.698974609375,3.9656753540039062
1632312000.0,0.756591796875,4.338233947753906
1632333600.0,0.93212890625,4.630714416503906
1632355200.0,0.6279296875,5.036964416503906
1632376800.0,0.7900390625,4.538673400878906
1632398400.0,0.605712890625,4.676368713378906
1632420000.0,0.283935546875,4.611183166503906
1632441600.0,0.54443359375,3.6507339477539062
1632463200.0,0.7728271484375,4.281837463378906
1632484800.0,0.76904296875,4.630226135253906
1632506400.0,0.30224609375,4.635597229003906
1632528000.0,0.18798828125,4.210304260253906
1632549600.0,2.5319678265914997e-16,3.8929214477539062
1632571200.0,0.19384765625,2.5896987915039062
1632592800.0,0.447998046875,3.1836929321289062
1632614400.0,0.71826171875,4.245704650878906
1632636000.0,0.898681640625,4.432716369628906
1632657600.0,1.53759765625,5.448341369628906
1632679200.0,2.05078125,6.304298400878906
1632700800.0,0.13671875,6.511085510253906
1632722400.0,0.385009765625,6.331886291503906
1632744000.0,1.09716796875,4.848976135253906
1632765600.0,1.136962890625,5.370948791503906
1632787200.0,1.45458984375,5.688331604003906
1632808800.0,1.192626953125,6.095558166503906
1632830400.0,0.62255859375,6.004249572753906
1632852000.0,0.43603515625,6.055030822753906
1632873600.0,0.75341796875,4.074562072753906
1632895200.0,1.208251953125,4.805519104003906
1632916800.0,1.129150390625,5.241065979003906
1632938400.0,0.547607421875,5.033058166503906
1632960000.0,1.02099609375,4.473487854003906
1632981600.0,2.5419921875,6.814308166503906
1633003200.0,0.912841796875,7.391456604003906
1633024800.0,0.93212890625,7.338722229003906
1633046400.0,1.34228515625,6.147804260253906
1633068000.0,1.465087890625,6.319190979003906
1633089600.0,1.69140625,6.239112854003906
1633111200.0,1.820556640625,6.253761291503906
1633132800.0,1.62939453125,6.212257385253906
1633154400.0,1.11767578125,6.062355041503906
1633176000.0,0.713134765625,6.249366760253906
1633197600.0,0.421142578125,6.340187072753906
1633219200.0,0.958251953125,4.718116760253906
1633240800.0,1.388916015625,5.760597229003906
1633262400.0,1.273193359375,6.469581604003906
1633284000.0,1.05419921875,5.392921447753906
1633305600.0,0.969970703125,5.373878479003906
1633327200.0,0.802490234375,5.047706604003906
1633348800.0,0.638427734375,5.015480041503906
1633370400.0,0.185546875,5.131202697753906
1633392000.0,0.30029296875,5.742042541503906
1633413600.0,1.078857421875,4.344581604003906
1633435200.0,1.5712890625,5.246925354003906
1633456800.0,1.878173828125,6.191261291503906
1633478400.0,1.415771484375,6.060890197753906
1633500000.0,0.4619140625,5.491554260253906
1633521600.0,0.271240234375,4.995948791503906
1633543200.0,1.074462890625,4.661476135253906
1633564800.0,1.131103515625,5.730323791503906
1633586400.0,1.398193359375,5.708351135253906
1633608000.0,1.577392578125,6.037940979003906
1633629600.0,1.6142578125,6.211769104003906
1633651200.0,1.22998046875,6.224464416503906
1633672800.0,1.106689453125,5.838722229003906
1633694400.0,1.258544921875,5.700050354003906
1633716000.0,1.1357421875,5.644874572753906
1633737600.0,0.9326171875,5.472023010253906
1633759200.0,0.85009765625,4.646827697753906
1633780800.0,0.548583984375,4.809913635253906
1633802400.0,0.29443359375,4.836769104003906
1633824000.0,0.0843505859375,3.6746597290039062
1633845600.0,0.494384765625,3.4080581665039062
1633867200.0,0.531005859375,3.5833511352539062
1633888800.0,0.79345703125,4.173683166503906
1633910400.0,0.715087890625,4.394874572753906
1633932000.0,0.497314453125,4.261085510253906
1633953600.0,0.266357421875,3.9754409790039062
1633975200.0,0.2921142578125,3.1639175415039062
1633996800.0,0.636474609375,3.5452651977539062
1634018400.0,0.786376953125,4.280616760253906
1634040000.0,0.544189453125,4.368995666503906
1634061600.0,0.362548828125,3.9300308227539062
1634083200.0,0.25390625,3.6094741821289062
1634104800.0,0.30810546875,3.1331558227539062
1634126400.0,0.392822265625,3.3248062133789062
1634148000.0,0.29736328125,3.2388687133789062
1634169600.0,0.497802734375,3.5042495727539062
1634191200.0,0.706298828125,3.8929214477539062
1634212800.0,1.0478515625,4.611427307128906
1634234400.0,1.0535888671875,4.807228088378906
1634256000.0,0.8974609375,4.353126525878906
1634277600.0,0.299072265625,4.682716369628906
1634299200.0,0.10107421875,4.675148010253906
1634320800.0,2.539104079172117e-16,4.799171447753906
1634342400.0,0.145263671875,2.4654312133789062
1634364000.0,0.107177734375,2.7686538696289062
1634385600.0,0.227294921875,4.009132385253906
1634407200.0,0.8975830078125,4.443214416503906
1634428800.0,1.590576171875,5.733253479003906
1634450400.0,0.994140625,6.472999572753906
1634472000.0,0.258056640625,6.416358947753906
1634493600.0,0.105224609375,6.202980041503906
1634515200.0,0.36669921875,5.687843322753906
1634536800.0,1.119384765625,5.174171447753906
1634558400.0,1.614013671875,6.165382385253906
1634580000.0,0.568115234375,6.448829650878906
1634601600.0,0.55712890625,6.274757385253906
1634623200.0,0.80419921875,5.202003479003906
1634644800.0,0.820556640625,5.694435119628906
1634666400.0,1.28564453125,6.676124572753906
1634688000.0,0.888916015625,6.815284729003906
1634709600.0,0.53125,6.422706604003906
1634731200.0,0.56591796875,8.444190979003906
1634752800.0,0.665771484375,3.8824234008789062
1634774400.0,2.126220703125,5.599220275878906
1634796000.0,1.908203125,6.820899963378906
1634817600.0,1.232421875,6.157081604003906
1634839200.0,1.45458984375,5.318214416503906
1634860800.0,1.442138671875,5.418800354003906
1634882400.0,1.662353515625,5.792823791503906
1634904000.0,1.02392578125,5.660011291503906
1634925600.0,0.314697265625,5.100929260253906
1634947200.0,0.455078125,3.6375503540039062
1634968800.0,1.2626953125,4.801124572753906
1634990400.0,2.08154296875,6.314308166503906
1635012000.0,2.6240234375,7.541847229003906
1635033600.0,2.685302734375,7.870460510253906
1635055200.0,2.04541015625,8.146827697753906
1635076800.0,1.00830078125,7.764503479003906
1635098400.0,1.37353515625,6.179542541503906
1635120000.0,1.340576171875,6.219581604003906
1635141600.0,1.3486328125,5.867530822753906
1635163200.0,1.01123046875,5.631690979003906
1635184800.0,0.73486328125,5.125343322753906
1635206400.0,0.99365234375,4.856300354003906
1635228000.0,1.619873046875,5.446632385253906
1635249600.0,1.57861328125,6.219093322753906
1635271200.0,1.782470703125,6.480812072753906
1635292800.0,2.21826171875,7.578956604003906
1635314400.0,2.088623046875,8.013526916503906
1635336000.0,1.660888671875,7.944190979003906
1635357600.0,2.273681640625,8.168312072753906
1635379200.0,1.689453125,8.346046447753906
1635400800.0,0.18212890625,8.404151916503906
1635422400.0,2.539104079172117e-16,8.218605041503906
1635444000.0,0.364013671875,7.612159729003906
1635465600.0,0.14111328125,6.540382385253906
1635487200.0,0.096923828125,6.294776916503906
1635508800.0,0.5537109375,3.6448745727539062
1635530400.0,0.629150390625,3.7801284790039062
1635552000.0,1.621826171875,5.719093322753906
1635573600.0,0.38427734375,6.511573791503906
1635595200.0,0.608642578125,6.432960510253906
1635616800.0,0.74951171875,4.450538635253906
1635638400.0,0.9326171875,4.684913635253906
1635660000.0,2.5869140625,6.534034729003906
1635681600.0,0.516357421875,7.945655822753906
1635703200.0,0.6142578125,8.262062072753906
1635724800.0,1.356201171875,5.080909729003906
1635746400.0,2.111083984375,7.071632385253906
1635768000.0,1.818115234375,6.472023010253906
1635789600.0,0.93408203125,6.094581604003906
1635811200.0,0.817138671875,4.576515197753906
1635832800.0,0.562255859375,4.579444885253906
1635854400.0,0.463623046875,4.097511291503906
1635876000.0,0.466552734375,3.6463394165039062
1635897600.0,0.796875,4.088722229003906
1635919200.0,1.075439453125,5.029151916503906
1635940800.0,0.89208984375,5.152687072753906
1635962400.0,1.03564453125,4.885597229003906
1635984000.0,1.343505859375,5.264991760253906
1636005600.0,1.330810546875,5.642433166503906
1636027200.0,1.09326171875,5.316749572753906
1636048800.0,1.13671875,5.139503479003906
1636070400.0,0.803955078125,4.895851135253906
1636092000.0,0.735595703125,4.288917541503906
1636113600.0,0.6378173828125,4.285987854003906
1636135200.0,0.58740234375,4.103370666503906
1636156800.0,0.83447265625,4.321632385253906
1636178400.0,1.26123046875,5.041847229003906
1636200000.0,2.19775390625,6.336769104003906
1636221600.0,1.5087890625,6.757667541503906
1636243200.0,1.7978515625,5.811134338378906
1636264800.0,2.020751953125,6.339698791503906
1636286400.0,1.650390625,6.280616760253906
1636308000.0,0.951416015625,6.075538635253906
1636329600.0,0.195068359375,5.081398010253906
1636351200.0,0.559326171875,3.3021011352539062
1636372800.0,0.99365234375,4.754249572753906
1636394400.0,0.989990234375,4.977882385253906
1636416000.0,1.156005859375,5.660987854003906
1636437600.0,0.90087890625,5.805030822753906
1636459200.0,0.24658203125,6.221534729003906
1636480800.0,0.36669921875,6.190773010253906
1636502400.0,0.631103515625,3.9754409790039062
1636524000.0,0.29443359375,4.190773010253906
1636545600.0,0.0938720703125,5.609718322753906
1636567200.0,0.248291015625,5.681495666503906
1636588800.0,0.3948974609375,3.1458511352539062
1636610400.0,0.07275390625,3.2806167602539062
1636632000.0,0.7744140625,3.6756362915039062
1636653600.0,2.385498046875,6.369972229003906
1636675200.0,2.86279296875,7.619972229003906
1636696800.0,1.86279296875,7.570411682128906
1636718400.0,1.955078125,7.397804260253906
1636740000.0,1.461181640625,5.423194885253906
1636761600.0,1.426513671875,5.853370666503906
1636783200.0,0.75146484375,5.340187072753906
1636804800.0,0.11767578125,4.985206604003906
1636826400.0,2.55072113604371e-16,6.167823791503906
1636848000.0,0.1875,6.194679260253906
1636869600.0,0.321044921875,2.8548355102539062
1636891200.0,0.6376953125,3.5110855102539062
1636912800.0,0.656494140625,3.8348159790039062
1636934400.0,0.68115234375,4.230567932128906
1636956000.0,0.34228515625,4.343605041503906
1636977600.0,0.342041015625,3.6111831665039062
1636999200.0,0.062744140625,3.4776382446289062
1637020800.0,0.30224609375,2.7181167602539062
1637042400.0,0.79345703125,3.6255874633789062
1637064000.0,1.275146484375,4.860450744628906
1637085600.0,0.91845703125,5.344581604003906
1637107200.0,1.076416015625,4.799659729003906
1637128800.0,1.145263671875,5.163673400878906
1637150400.0,1.158935546875,5.088966369628906
1637172000.0,0.960693359375,5.065284729003906
1637193600.0,1.286865234375,5.168067932128906
1637215200.0,0.9041748046875,5.214454650878906
1637236800.0,0.767822265625,5.059181213378906
1637258400.0,0.7396240234375,4.872413635253906
1637280000.0,0.806640625,4.760353088378906
1637301600.0,0.763427734375,4.597999572753906
1637323200.0,0.85595703125,4.668800354003906
1637344800.0,0.61572265625,4.484962463378906
1637366400.0,0.661376953125,4.040626525878906
1637388000.0,0.828857421875,4.359474182128906
1637409600.0,0.9501953125,4.810157775878906
1637431200.0,1.203369140625,4.718605041503906
1637452800.0,1.53662109375,5.597267150878906
1637474400.0,1.525634765625,5.943946838378906
1637496000.0,1.294677734375,5.645118713378906
1637517600.0,1.310302734375,5.601905822753906
1637539200.0,0.595947265625,5.290382385253906
1637560800.0,0.212890625,4.972511291503906
1637582400.0,0.2919921875,3.0828628540039062
1637604000.0,0.42578125,3.3372573852539062
1637625600.0,0.56201171875,3.8162612915039062
1637647200.0,0.4990234375,3.9261245727539062
1637668800.0,0.51611328125,3.8709487915039062
1637690400.0,0.41455078125,3.7776870727539062
1637712000.0,0.54248046875,3.6351089477539062
1637733600.0,0.87255859375,3.9451675415039062
1637755200.0,0.647705078125,4.733741760253906
1637776800.0,1.004150390625,4.680519104003906
1637798400.0,1.6436767578125,5.258644104003906
1637820000.0,2.007080078125,6.341651916503906
1637841600.0,1.0523681640625,6.178077697753906
1637863200.0,0.9852294921875,5.280616760253906
1637884800.0,1.6602783203125,5.336280822753906
1637906400.0,2.3419189453125,6.302589416503906
1637928000.0,2.8182373046875,7.050636291503906
1637949600.0,3.473388671875,7.672218322753906
1637971200.0,4.5419921875,8.507667541503906
1637992800.0,3.72314453125,8.433937072753906
1638014400.0,2.8720703125,7.905128479003906
1638036000.0,2.1051025390625,6.954444885253906
1638057600.0,1.3348388671875,6.177101135253906
1638079200.0,0.6156005859375,5.167335510253906
1638100800.0,0.93310546875,4.260108947753906
1638122400.0,0.643798828125,5.010108947753906
1638144000.0,0.033203125,4.780128479003906
1638165600.0,0.137939453125,4.615089416503906
1638187200.0,0.591552734375,3.3104019165039062
1638208800.0,1.137451171875,4.709327697753906
1638230400.0,1.125732421875,5.138526916503906
1638252000.0,0.9228515625,5.057472229003906
1638273600.0,0.8828125,4.819923400878906
1638295200.0,0.924560546875,4.832618713378906
1638316800.0,2.28955078125,5.607276916503906
1638338400.0,2.250732421875,6.751075744628906
1638360000.0,1.877685546875,6.672706604003906
1638381600.0,1.364013671875,5.868751525878906
1638403200.0,0.98388671875,5.214210510253906
1638424800.0,1.7470703125,5.924171447753906
1638446400.0,0.25341796875,6.018898010253906
1638468000.0,0.4501953125,3.0423355102539062
1638489600.0,1.533935546875,5.082130432128906
1638511200.0,1.178466796875,4.918067932128906
1638532800.0,0.77197265625,4.963233947753906
1638554400.0,0.529296875,4.376808166503906
1638576000.0,1.3310546875,4.785987854003906
1638597600.0,2.357421875,6.242042541503906
1638619200.0,2.93310546875,7.320167541503906
1638640800.0,2.559326171875,7.349220275878906
1638662400.0,2.2958984375,6.961280822753906
1638684000.0,1.817138671875,6.605567932128906
1638705600.0,0.970703125,5.783790588378906
1638727200.0,0.06787109375,5.146827697753906
1638748800.0,0.5361328125,3.0484390258789062
1638770400.0,2.03466796875,5.858985900878906
1638792000.0,1.337890625,6.156105041503906
1638813600.0,1.548583984375,5.785499572753906
1638835200.0,1.218994140625,6.069679260253906
1638856800.0,0.88134765625,4.023048400878906
1638878400.0,4.645263671875,7.889991760253906
1638900000.0,4.257568359375,9.964210510253906
1638921600.0,1.3447265625,9.959327697753906
1638943200.0,1.43408203125,8.535255432128906
1638964800.0,2.010498046875,6.405372619628906
1638986400.0,1.689697265625,6.182716369628906
1639008000.0,1.562744140625,6.101173400878906
1639029600.0,1.251708984375,5.758399963378906
1639051200.0,0.5908203125,5.215187072753906
1639072800.0,0.705810546875,5.104347229003906
1639094400.0,1.639404296875,5.290626525878906
1639116000.0,1.441650390625,5.952003479003906
1639137600.0,1.27783203125,5.409278869628906
1639159200.0,1.2060546875,5.302101135253906
1639180800.0,0.563232421875,5.190773010253906
1639202400.0,0.56201171875,3.6189956665039062
1639224000.0,1.41796875,5.244972229003906
1639245600.0,0.998291015625,5.636573791503906
1639267200.0,0.49462890625,5.580421447753906
1639288800.0,0.45654296875,5.850440979003906
1639310400.0,0.451416015625,6.083351135253906
1639332000.0,2.47802734375,6.594581604003906
1639353600.0,1.794921875,8.217628479003906
1639375200.0,0.681640625,8.090187072753906
1639396800.0,0.57177734375,7.873878479003906
1639418400.0,0.277587890625,8.048683166503906
1639440000.0,0.429931640625,3.1805191040039062
1639461600.0,0.873291015625,3.9964370727539062
1639483200.0,1.124755859375,4.803565979003906
1639504800.0,1.193115234375,5.157081604003906
1639526400.0,1.111083984375,5.258644104003906
1639548000.0,1.152587890625,5.532081604003906
1639569600.0,0.935302734375,5.495460510253906
1639591200.0,0.568115234375,5.219093322753906
1639612800.0,0.416015625,5.099220275878906
1639634400.0,0.3349609375,5.135841369628906
1639656000.0,0.12841796875,5.274269104003906
1639677600.0,0.031494140625,5.477638244628906
1639699200.0,2.5301678815785843e-16,5.519630432128906
1639720800.0,0.0238037109375,5.501075744628906
1639742400.0,0.14306640625,2.5105972290039062
1639764000.0,0.149658203125,2.5687026977539062
1639785600.0,0.315185546875,2.9957046508789062
1639807200.0,0.556396484375,3.8665542602539062
1639828800.0,0.44189453125,4.188575744628906
1639850400.0,0.249267578125,4.021583557128906
1639872000.0,0.050048828125,3.6414566040039062
1639893600.0,0.02587890625,3.5511245727539062
1639915200.0,0.01611328125,3.4339370727539062
1639936800.0,0.133544921875,2.5604019165039062
1639958400.0,0.2918701171875,2.7298355102539062
1639980000.0,0.433837890625,3.5086441040039062
1640001600.0,0.381103515625,3.7791519165039062
1640023200.0,0.443115234375,3.5496597290039062
1640044800.0,0.40771484375,3.6536636352539062
1640066400.0,0.34619140625,3.5555191040039062
1640088000.0,0.40771484375,3.5674819946289062
1640109600.0,0.40869140625,3.5950698852539062
1640131200.0,0.47119140625,3.8436050415039062
1640152800.0,0.75537109375,4.355567932128906
1640174400.0,0.973388671875,4.684669494628906
1640196000.0,1.455322265625,5.821876525878906
1640217600.0,1.291259765625,6.339210510253906
1640239200.0,1.310791015625,6.184425354003906
1640260800.0,0.70263671875,6.264503479003906
1640282400.0,0.20458984375,6.409034729003906
1640304000.0,0.077880859375,6.084815979003906
1640325600.0,0.0283203125,5.622413635253906
1640347200.0,0.976318359375,3.9607925415039062
1640368800.0,1.691650390625,5.210304260253906
1640390400.0,2.02685546875,6.118995666503906
1640412000.0,2.40966796875,6.605323791503906
1640433600.0,2.708984375,7.010108947753906
1640455200.0,2.84228515625,7.310401916503906
1640476800.0,2.47998046875,7.058448791503906
1640498400.0,2.127685546875,6.828956604003906
1640520000.0,1.4765625,6.036964416503906
1640541600.0,0.809326171875,5.472023010253906
1640563200.0,0.165283203125,4.600929260253906
1640584800.0,0.54150390625,4.002784729003906
1640606400.0,0.785400390625,4.244483947753906
1640628000.0,0.810546875,4.635597229003906
1640649600.0,0.44482421875,4.813331604003906
1640671200.0,0.487548828125,11.650733947753906
1640692800.0,0.4892578125,3.5984878540039062
1640714400.0,0.225830078125,11.055519104003906
1640736000.0,0.224853515625,10.915382385253906
1640757600.0,1.164306640625,4.435890197753906
1640779200.0,1.661376953125,6.248390197753906
1640800800.0,1.10302734375,6.234718322753906
1640822400.0,0.880126953125,5.574073791503906
1640844000.0,1.255126953125,5.764503479003906
1640865600.0,0.5869140625,6.304542541503906
1640887200.0,0.100830078125,6.386817932128906
1640908800.0,0.29833984375,7.224220275878906
1640930400.0,1.9033203125,7.676368713378906
1640952000.0,1.124755859375,7.699562072753906
1640973600.0,1.064697265625,6.331398010253906
